run_idx,scenario_name,pv_penetration,ambient_delta_c,load_growth_pct,peak_theta_hs_c,mean_theta_hs_c,lol_percent_annual,lol_hours_annual,hours_above_110c,hours_above_120c,reverse_flow_hours,peak_net_load_pu,mean_f_aa,battery_lifetime_fraction,dispatch_method
0,pv75_battery5mwh_today,0.75,0.0,0.0,84.59469604492188,53.07318669420579,0.027119590721211333,48.8152632981804,0.0,0.0,590.0,0.8872581751022743,0.005572518641344794,0.007925481003355946,threshold
1,pv75_battery5mwh_today,0.75,0.0,0.0,85.09809112548828,52.98543204519106,0.027032757040492933,48.658962672887284,0.0,0.0,634.0,0.8769634774477213,0.0055546761042108775,0.007955242079922898,threshold
2,pv75_battery5mwh_today,0.75,0.0,0.0,84.22454833984375,53.034342938168535,0.027515629469492313,49.528133045086165,0.0,0.0,684.0,0.8864862132826008,0.005653896466334036,0.008178211477638484,threshold
3,pv75_battery5mwh_today,0.75,0.0,0.0,84.64534759521484,53.05373379378567,0.027255746784881258,49.06034421278626,0.0,0.0,630.0,0.9050212957283144,0.005600495914701628,0.0081783051732926,threshold
4,pv75_battery5mwh_today,0.75,0.0,0.0,84.5616455078125,53.01971981767162,0.02715189903200251,48.87341825760452,0.0,0.0,622.0,0.8984137868581473,0.005579157335342981,0.007829615873950093,threshold
5,pv75_battery5mwh_today,0.75,0.0,0.0,84.53539276123047,53.19912361534906,0.027345698498964448,49.22225729813601,0.0,0.0,590.0,0.9052253516514905,0.005618979143622832,0.00767557363253272,threshold
6,pv75_battery5mwh_today,0.75,0.0,0.0,84.85726928710938,53.08134552378749,0.02700193003521472,48.6034740633865,0.0,0.0,630.0,0.8740217532429648,0.0055483417880578196,0.00831854605830442,threshold
7,pv75_battery5mwh_today,0.75,0.0,0.0,84.51811981201172,53.057826851494355,0.027141516548046717,48.85472978648409,0.0,0.0,642.0,0.8987558878932589,0.005577023948228777,0.008704628247235512,threshold
8,pv75_battery5mwh_today,0.75,0.0,0.0,85.03772735595703,53.0096826439351,0.02736667625275048,49.26001725495086,0.0,0.0,657.0,0.8812058650040817,0.0056232896409761255,0.007976013497811747,threshold
9,pv75_battery5mwh_today,0.75,0.0,0.0,84.65653991699219,53.10864518289881,0.02723028427893564,49.01451170208415,0.0,0.0,643.0,0.8811009847858017,0.0055952638929319815,0.009029136904227037,threshold
10,pv75_battery5mwh_today,0.75,0.0,0.0,84.60487365722656,53.0970369542499,0.027548534534582655,49.58736216224878,0.0,0.0,629.0,0.889774186057652,0.0056606577810786275,0.008254010575738142,threshold
11,pv75_battery5mwh_today,0.75,0.0,0.0,85.46949768066406,52.986008714775636,0.027482987027611813,49.46937664970126,0.0,0.0,646.0,0.8812016431661247,0.005647189115262701,0.008946695096470659,threshold
12,pv75_battery5mwh_today,0.75,0.0,0.0,84.34162902832031,52.92026968664232,0.02719767439635086,48.95581391343155,0.0,0.0,670.0,0.8747950653992607,0.005588563232126889,0.007713109962422618,threshold
13,pv75_battery5mwh_today,0.75,0.0,0.0,84.33605194091797,53.05011097343205,0.02735841904975146,49.24515428955262,0.0,0.0,630.0,0.8905781664637183,0.005621592955428381,0.00846231192258709,threshold
14,pv75_battery5mwh_today,0.75,0.0,0.0,84.69197082519531,53.047895181493224,0.027162730417399125,48.89291475131843,0.0,0.0,626.0,0.8827508763552837,0.005581382962479272,0.008512371974221836,threshold
15,pv75_battery5mwh_today,0.75,0.0,0.0,85.06906127929688,52.95508510208874,0.027356802804306198,49.242245047751155,0.0,0.0,678.0,0.9108360280478482,0.005621260850199904,0.008123747585680885,threshold
16,pv75_battery5mwh_today,0.75,0.0,0.0,84.74784088134766,53.00474569516014,0.027692798625776643,49.847037526397955,0.0,0.0,671.0,0.8877286327938818,0.005690301087488351,0.009277568920239909,threshold
17,pv75_battery5mwh_today,0.75,0.0,0.0,84.44861602783203,53.076428454668445,0.02760754445124069,49.69358001223324,0.0,0.0,667.0,0.8880498438090154,0.005672783106419319,0.008606937561892002,threshold
18,pv75_battery5mwh_today,0.75,0.0,0.0,84.40641784667969,52.95346618958808,0.027261003980983023,49.06980716576945,0.0,0.0,647.0,0.8923879931215676,0.005601576160475964,0.0078095857475298245,threshold
19,pv75_battery5mwh_today,0.75,0.0,0.0,84.75157165527344,53.09130714192583,0.027420960027426094,49.35772804936697,0.0,0.0,644.0,0.8890943694089397,0.005634443841251937,0.007841426261510062,threshold
20,pv75_battery5mwh_today,0.75,0.0,0.0,84.88785552978516,52.95393868047503,0.027199820824529625,48.959677484153325,0.0,0.0,658.0,0.8737517617397144,0.005589004279012937,0.008271696537519382,threshold
21,pv75_battery5mwh_today,0.75,0.0,0.0,83.97229766845703,52.92881416049499,0.02736905455267241,49.26429819481034,0.0,0.0,672.0,0.8855793377505272,0.005623778332740906,0.008243046289360345,threshold
22,pv75_battery5mwh_today,0.75,0.0,0.0,84.107177734375,52.927764948177355,0.027054191088050548,48.69754395849098,0.0,0.0,661.0,0.9023635140827518,0.005559080360558332,0.008505199237696735,threshold
23,pv75_battery5mwh_today,0.75,0.0,0.0,84.53819274902344,53.13668140874909,0.027664447001986097,49.79600460357497,0.0,0.0,625.0,0.8878351055188742,0.005684475411367006,0.008345702088756098,threshold
24,pv75_battery5mwh_today,0.75,0.0,0.0,84.368896484375,53.077356081209565,0.02715060675893709,48.87109216608677,0.0,0.0,633.0,0.8840063573360537,0.005578891799781594,0.007855570958419865,threshold
25,pv75_battery5mwh_today,0.75,0.0,0.0,84.82969665527344,53.09816825111464,0.027380815671715245,49.28546820908744,0.0,0.0,637.0,0.8934926703709967,0.005626195001037379,0.009183047616194935,threshold
26,pv75_battery5mwh_today,0.75,0.0,0.0,84.26473999023438,53.064437371689436,0.02730124842544302,49.14224716579744,0.0,0.0,627.0,0.8845606993327901,0.005609845566871854,0.008109365703283473,threshold
27,pv75_battery5mwh_today,0.75,0.0,0.0,84.86726379394531,52.93640911558484,0.026851372372083068,48.33247026974952,0.0,0.0,667.0,0.9024736385425469,0.005517405281934877,0.008141995408571176,threshold
28,pv75_battery5mwh_today,0.75,0.0,0.0,84.58920288085938,53.054374406806105,0.02745774586095589,49.4239425497206,0.0,0.0,624.0,0.9226205380555729,0.005642002574169018,0.00810299713792411,threshold
29,pv75_battery5mwh_today,0.75,0.0,0.0,84.59305572509766,52.97375624548001,0.027132931614909903,48.839276906837824,0.0,0.0,678.0,0.9115223085519507,0.005575259920871898,0.007501404038088683,threshold
30,pv75_battery5mwh_today,0.75,0.0,0.0,84.56523132324219,53.097126809592275,0.027488900960185858,49.48002172833455,0.0,0.0,587.0,0.8996265489111839,0.005648404306887505,0.007907563528808495,threshold
31,pv75_battery5mwh_today,0.75,0.0,0.0,84.25421142578125,53.141698022165855,0.02745560035391505,49.420080637047086,0.0,0.0,635.0,0.884585384382795,0.0056415617165578875,0.00844436835066703,threshold
32,pv75_battery5mwh_today,0.75,0.0,0.0,85.13428497314453,53.09782180433281,0.027424965223377496,49.3649374020795,0.0,0.0,631.0,0.8787238040827802,0.005635266826721404,0.007615000282729538,threshold
33,pv75_battery5mwh_today,0.75,0.0,0.0,84.71800231933594,53.04341828331896,0.027303556514009744,49.146401725217544,0.0,0.0,640.0,0.892895787304262,0.005610319831645838,0.008513982467641804,threshold
34,pv75_battery5mwh_today,0.75,0.0,0.0,84.98329162597656,52.986475031899694,0.027226356610689423,49.007441899240966,0.0,0.0,657.0,0.8876804309461468,0.005594456837812896,0.007729407088077542,threshold
35,pv75_battery5mwh_today,0.75,0.0,0.0,84.43665313720703,53.019484909877875,0.027088198674425405,48.758757613965734,0.0,0.0,601.0,0.8820148354014199,0.0055660682207723435,0.007406567718469705,threshold
36,pv75_battery5mwh_today,0.75,0.0,0.0,84.64448547363281,52.960483371474034,0.02735291531175216,49.235247561153884,0.0,0.0,672.0,0.8877131275894136,0.005620462050360033,0.0088190704550579,threshold
37,pv75_battery5mwh_today,0.75,0.0,0.0,84.28359985351562,52.87934582901744,0.026953289589372917,48.51592126087125,0.0,0.0,674.0,0.8927755494130634,0.005538347175898545,0.007640222494733477,threshold
38,pv75_battery5mwh_today,0.75,0.0,0.0,84.9036865234375,53.051039746643696,0.027222047105329522,48.99968478959314,0.0,0.0,612.0,0.8784035435126895,0.005593571323012915,0.008652841679288635,threshold
39,pv75_battery5mwh_today,0.75,0.0,0.0,84.67838287353516,53.0339424677954,0.027151749904447884,48.87314982800619,0.0,0.0,624.0,0.9151492436101283,0.005579126692694771,0.0077294048033390746,threshold
40,pv75_battery5mwh_today,0.75,0.0,0.0,84.35050201416016,53.067846126338885,0.027342383015970303,49.21628942874655,0.0,0.0,626.0,0.8855538554370939,0.0056182978799938985,0.008848280808535227,threshold
41,pv75_battery5mwh_today,0.75,0.0,0.0,84.24247741699219,52.996857457225474,0.027193216874719033,48.94779037449426,0.0,0.0,632.0,0.8910861981351116,0.005587647303024459,0.008604610252671426,threshold
42,pv75_battery5mwh_today,0.75,0.0,0.0,84.42052459716797,53.02736745376502,0.027433593748266448,49.38046874687961,0.0,0.0,651.0,0.8749456185142023,0.005637039811287626,0.007864057456849932,threshold
43,pv75_battery5mwh_today,0.75,0.0,0.0,85.22745513916016,53.06932792882819,0.02752460978195928,49.5442976075267,0.0,0.0,618.0,0.9067651311840479,0.00565574173601903,0.008035977275576927,threshold
44,pv75_battery5mwh_today,0.75,0.0,0.0,84.57520294189453,53.139597863867785,0.027585270404165828,49.653486727498496,0.0,0.0,626.0,0.9129135104822141,0.005668206247431335,0.00799044968738219,threshold
45,pv75_battery5mwh_today,0.75,0.0,0.0,85.1883773803711,53.07549058537353,0.027682861208918393,49.829150176053105,0.0,0.0,590.0,0.8781829148353376,0.005688259152517479,0.009440402269608718,threshold
46,pv75_battery5mwh_today,0.75,0.0,0.0,84.78823852539062,53.00840842992108,0.027314511302746952,49.16612034494452,0.0,0.0,649.0,0.8853529430503271,0.005612570815632936,0.00847908680804189,threshold
47,pv75_battery5mwh_today,0.75,0.0,0.0,84.44730377197266,53.020821407961904,0.02701164063185159,48.620953137332855,0.0,0.0,619.0,0.886462285487134,0.005550337116133888,0.008339588400533924,threshold
48,pv75_battery5mwh_today,0.75,0.0,0.0,84.1947250366211,53.05227438860168,0.027010438608131335,48.6187894946364,0.0,0.0,605.0,0.8838777902690979,0.005550090124958495,0.008269391916320205,threshold
49,pv75_battery5mwh_today,0.75,0.0,0.0,84.74801635742188,52.88552498935867,0.02716718155022202,48.90092679039964,0.0,0.0,663.0,0.8845680754385365,0.005582297578812744,0.008196528118699269,threshold
50,pv75_battery5mwh_today,0.75,0.0,0.0,84.91830444335938,52.970158682038274,0.027183147104157455,48.92966478748342,0.0,0.0,655.0,0.8794758176974009,0.005585578172087148,0.008119271104593836,threshold
51,pv75_battery5mwh_today,0.75,0.0,0.0,84.24584197998047,53.00247837501992,0.027122694134679375,48.820849442422876,0.0,0.0,671.0,0.8885958508587364,0.005573156329043707,0.008254045099410424,threshold
52,pv75_battery5mwh_today,0.75,0.0,0.0,84.66490173339844,53.150750973966574,0.027430354948290714,49.37463890692329,0.0,0.0,632.0,0.9035842638123369,0.0056363743044432965,0.00790510372225326,threshold
53,pv75_battery5mwh_today,0.75,0.0,0.0,85.05216217041016,53.07105504056249,0.027309951705095512,49.15791306917192,0.0,0.0,632.0,0.888172121712381,0.005611633912005928,0.008942670723989197,threshold
54,pv75_battery5mwh_today,0.75,0.0,0.0,84.55286407470703,52.977357094619535,0.026990997689280746,48.58379584070534,0.0,0.0,639.0,0.8933822421448073,0.005546095415605632,0.008354083046766441,threshold
55,pv75_battery5mwh_today,0.75,0.0,0.0,84.64196014404297,53.11721412287243,0.027286277998389504,49.11530039710111,0.0,0.0,586.0,0.8773546942694508,0.00560676945172387,0.008356487536132294,threshold
56,pv75_battery5mwh_today,0.75,0.0,0.0,84.3104248046875,53.03303691423201,0.027254161379673784,49.05749048341281,0.0,0.0,634.0,0.8946066316355501,0.005600170146508312,0.008676905249404777,threshold
57,pv75_battery5mwh_today,0.75,0.0,0.0,84.29142761230469,53.06073790189811,0.027503095184722118,49.50557133249981,0.0,0.0,663.0,0.8788522721972408,0.005651320928367559,0.008132405659980718,threshold
58,pv75_battery5mwh_today,0.75,0.0,0.0,84.87590789794922,52.92722094013256,0.027096137574386354,48.77304763389544,0.0,0.0,675.0,0.8995612655394561,0.0055676995015862376,0.008089974952755678,threshold
59,pv75_battery5mwh_today,0.75,0.0,0.0,84.52279663085938,53.07272092029117,0.027399153014131754,49.31847542543716,0.0,0.0,665.0,0.881428409433999,0.0056299629481092635,0.008060728816801884,threshold
60,pv75_battery5mwh_today,0.75,0.0,0.0,84.33776092529297,53.05193291557652,0.027223895014492693,49.003011026086845,0.0,0.0,637.0,0.8815408450594224,0.005593951030375212,0.008000977655802247,threshold
61,pv75_battery5mwh_today,0.75,0.0,0.0,85.13062286376953,53.0771953457718,0.027179814368932662,48.92366586407879,0.0,0.0,619.0,0.9003360731710399,0.005584893363479314,0.007888274268599815,threshold
62,pv75_battery5mwh_today,0.75,0.0,0.0,84.55420684814453,53.00185471599954,0.02714921402460604,48.86858524429087,0.0,0.0,642.0,0.8891797918826947,0.005578605621494392,0.008344852907683102,threshold
63,pv75_battery5mwh_today,0.75,0.0,0.0,84.59809112548828,53.05747387959289,0.027199732679177437,48.959518822519385,0.0,0.0,637.0,0.8934868293758829,0.005588986166954268,0.008199646957753737,threshold
64,pv75_battery5mwh_today,0.75,0.0,0.0,85.30508422851562,53.036910650081104,0.027475345370747827,49.45562166734609,0.0,0.0,672.0,0.8847071141305068,0.005645618911797498,0.0076259178248034845,threshold
65,pv75_battery5mwh_today,0.75,0.0,0.0,84.60627746582031,53.095102268558044,0.027507030265154525,49.51265447727815,0.0,0.0,594.0,0.8955252607230879,0.005652129506538601,0.009240472613641209,threshold
66,pv75_battery5mwh_today,0.75,0.0,0.0,84.1992416381836,53.12993584213264,0.02724144094263672,49.0345936967461,0.0,0.0,604.0,0.9013928236321015,0.0055975563580760385,0.008240695237422204,threshold
67,pv75_battery5mwh_today,0.75,0.0,0.0,84.69376373291016,53.06489118072981,0.027206427206504236,48.97156897170762,0.0,0.0,606.0,0.8968276826065052,0.0055903617547611445,0.007743180334148626,threshold
68,pv75_battery5mwh_today,0.75,0.0,0.0,84.83517456054688,53.051942872066654,0.02717425873751779,48.91366572753202,0.0,0.0,618.0,0.8910292121832283,0.005583751795380368,0.007939039717293879,threshold
69,pv75_battery5mwh_today,0.75,0.0,0.0,84.23206329345703,53.010702298396026,0.027403659558320772,49.326587204977386,0.0,0.0,662.0,0.880447165817251,0.005630888950339885,0.007708872331921477,threshold
70,pv75_battery5mwh_today,0.75,0.0,0.0,84.71341705322266,53.097548290022004,0.027268007657265215,49.08241378307739,0.0,0.0,615.0,0.890896699531441,0.005603015272040797,0.007725218939010308,threshold
71,pv75_battery5mwh_today,0.75,0.0,0.0,84.7322998046875,52.96001845876266,0.027046394909838456,48.68351083770922,0.0,0.0,647.0,0.8820163378583246,0.005557478406131189,0.00860145360896423,threshold
72,pv75_battery5mwh_today,0.75,0.0,0.0,84.53067016601562,53.12243607735588,0.02734275667915796,49.216962022484324,0.0,0.0,626.0,0.8936439735524093,0.00561837466010095,0.0077255179012243515,threshold
73,pv75_battery5mwh_today,0.75,0.0,0.0,84.14989471435547,52.921728164686265,0.026985695943866288,48.57425269895931,0.0,0.0,688.0,0.8923287993462914,0.005545006015862935,0.008917212820684249,threshold
74,pv75_battery5mwh_today,0.75,0.0,0.0,84.57909393310547,53.02762335404617,0.02723689216531947,49.02640589757504,0.0,0.0,659.0,0.8969061492436825,0.00559662167780537,0.008718274172885784,threshold
75,pv75_battery5mwh_today,0.75,0.0,0.0,84.40508270263672,52.924645078489284,0.02705507426229053,48.69913367212296,0.0,0.0,663.0,0.8866184304816391,0.005559261834717232,0.008520122756429131,threshold
76,pv75_battery5mwh_today,0.75,0.0,0.0,84.73344421386719,53.170557297138394,0.027236024228873945,49.024843611973104,0.0,0.0,631.0,0.8842944294998648,0.005596443334700125,0.007464282076982846,threshold
77,pv75_battery5mwh_today,0.75,0.0,0.0,84.59141540527344,52.95463145302573,0.02742516156892531,49.36529082406555,0.0,0.0,664.0,0.9060817268809581,0.005635307171696982,0.008772309213048083,threshold
78,pv75_battery5mwh_today,0.75,0.0,0.0,85.47705078125,52.95253458436269,0.027066251054869504,48.71925189876511,0.0,0.0,667.0,0.8857062965022077,0.00556155843593209,0.007757159946244679,threshold
79,pv75_battery5mwh_today,0.75,0.0,0.0,84.55110168457031,53.07896100287687,0.027337488973626763,49.20748015252817,0.0,0.0,621.0,0.8821756478994354,0.005617292254854815,0.008228721101022088,threshold
80,pv75_battery5mwh_today,0.75,0.0,0.0,84.90552520751953,52.97857910291335,0.027573040632020953,49.63147313763772,0.0,0.0,656.0,0.8880219637825807,0.00566569328055225,0.008052388845615467,threshold
81,pv75_battery5mwh_today,0.75,0.0,0.0,84.84678649902344,53.010667349030314,0.02736650790639305,49.259714231507495,0.0,0.0,634.0,0.8867411096683513,0.005623255049258846,0.008739598409236937,threshold
82,pv75_battery5mwh_today,0.75,0.0,0.0,84.64006805419922,53.03251741245952,0.027281933410232106,49.10748013841779,0.0,0.0,649.0,0.9043994574075024,0.005605876728129884,0.008317170104991015,threshold
83,pv75_battery5mwh_today,0.75,0.0,0.0,84.734130859375,53.0231963668747,0.027009675053276068,48.61741509589692,0.0,0.0,651.0,0.8912626295254347,0.005549933230125219,0.008043351427050505,threshold
84,pv75_battery5mwh_today,0.75,0.0,0.0,84.89974975585938,52.94035119606353,0.027145560053760218,48.86200809676839,0.0,0.0,667.0,0.8870219743870126,0.005577854805567168,0.0076979035530588035,threshold
85,pv75_battery5mwh_today,0.75,0.0,0.0,84.23817443847656,53.06901612288642,0.0273095966278266,49.15727393008788,0.0,0.0,619.0,0.8802741919893315,0.005611560950923274,0.007810136126320588,threshold
86,pv75_battery5mwh_today,0.75,0.0,0.0,84.71843719482422,53.06911985290946,0.027653503832475487,49.77630689845588,0.0,0.0,620.0,0.8974950925689298,0.0056822268148922234,0.008498550389830366,threshold
87,pv75_battery5mwh_today,0.75,0.0,0.0,84.94648742675781,52.86890353637557,0.027112752898760376,48.80295521776868,0.0,0.0,683.0,0.8978580493834306,0.005571113609334323,0.008217460279129627,threshold
88,pv75_battery5mwh_today,0.75,0.0,0.0,84.21906280517578,52.92113904585641,0.027377719991780698,49.27989598520526,0.0,0.0,714.0,0.8780374013561046,0.005625558902420691,0.008851912146458913,threshold
89,pv75_battery5mwh_today,0.75,0.0,0.0,84.61103057861328,52.977917162840605,0.027078242745955904,48.74083694272063,0.0,0.0,665.0,0.8877789282104859,0.005564022482045733,0.007223416806912759,threshold
90,pv75_battery5mwh_today,0.75,0.0,0.0,84.4769515991211,53.105253767535324,0.027486609364241715,49.475896855635085,0.0,0.0,627.0,0.8861024602635904,0.005647933431008572,0.008618588512282303,threshold
91,pv75_battery5mwh_today,0.75,0.0,0.0,84.46192932128906,53.04804755559427,0.027293380624204753,49.12808512356855,0.0,0.0,652.0,0.8810919046756912,0.005608228895384538,0.008050292200177589,threshold
92,pv75_battery5mwh_today,0.75,0.0,0.0,84.14811706542969,53.16736497881975,0.027533079976848673,49.559543958327616,0.0,0.0,611.0,0.889434443122494,0.0056574821870237,0.008490275757374788,threshold
93,pv75_battery5mwh_today,0.75,0.0,0.0,84.58612823486328,53.0790992155465,0.027238479453400535,49.029263016120964,0.0,0.0,657.0,0.8791652153850209,0.005596947832890521,0.008565868884421882,threshold
94,pv75_battery5mwh_today,0.75,0.0,0.0,84.30076599121094,53.000451043655644,0.027264826270389765,49.07668728670158,0.0,0.0,646.0,0.8877117924439052,0.005602361562408856,0.007524774579400893,threshold
95,pv75_battery5mwh_today,0.75,0.0,0.0,84.74634552001953,52.95038180392508,0.027104231404505328,48.787616528109595,0.0,0.0,669.0,0.8855909811027461,0.005569362617364109,0.008111692495684957,threshold
96,pv75_battery5mwh_today,0.75,0.0,0.0,84.8760757446289,52.97586626753325,0.02784996155383709,50.12993079690676,0.0,0.0,655.0,0.8985978316745317,0.005722594839829539,0.009026157235140287,threshold
97,pv75_battery5mwh_today,0.75,0.0,0.0,84.49592590332031,52.99686833463281,0.02706965547879658,48.725379861833844,0.0,0.0,626.0,0.885611878618565,0.005562257975095188,0.007740988960277727,threshold
98,pv75_battery5mwh_today,0.75,0.0,0.0,84.54631042480469,53.04482380098854,0.027214880669888072,48.986785205798526,0.0,0.0,644.0,0.8836010409258157,0.00559209876778522,0.009149858233343163,threshold
99,pv75_battery5mwh_today,0.75,0.0,0.0,84.265380859375,53.06737102396796,0.027270188747180187,49.08633974492434,0.0,0.0,632.0,0.8848325940635501,0.005603463441201407,0.008074260722939059,threshold
0,pv75_battery5mwh_today,0.75,0.0,0.0,85.54163360595703,53.03773001136744,0.02740984201905613,49.337715634301034,0.0,0.0,590.0,0.9181734194207255,0.005632159318984136,0.036057078775968476,pypsa_lp
1,pv75_battery5mwh_today,0.75,0.0,0.0,86.1806411743164,52.948955011078276,0.027354596863607,49.238274354492596,0.0,0.0,634.0,0.9054516361171222,0.005620807574713766,0.03857208904223314,pypsa_lp
2,pv75_battery5mwh_today,0.75,0.0,0.0,84.76538848876953,52.994505753034815,0.02777630992777874,49.99735787000173,0.0,0.0,684.0,0.9164862132826008,0.005707460944064124,0.040482323984560864,pypsa_lp
3,pv75_battery5mwh_today,0.75,0.0,0.0,85.49390411376953,53.02256190856668,0.027628965690549102,49.732138242988384,0.0,0.0,630.0,0.9059495166814326,0.005677184730934747,0.03702180656722475,pypsa_lp
4,pv75_battery5mwh_today,0.75,0.0,0.0,85.28639221191406,52.985321690557704,0.027469451776103215,49.44501319698579,0.0,0.0,622.0,0.9082734282882201,0.00564440789919929,0.03718413663118842,pypsa_lp
5,pv75_battery5mwh_today,0.75,0.0,0.0,85.12396240234375,53.16606650878078,0.027646245846186898,49.76324252313642,0.0,0.0,590.0,0.9174250483889075,0.005680735447846624,0.035276166688334845,pypsa_lp
6,pv75_battery5mwh_today,0.75,0.0,0.0,85.09651947021484,53.04851886913731,0.027341929818581127,49.21547367344603,0.0,0.0,630.0,0.9073550865762982,0.005618204757242697,0.03786996492913326,pypsa_lp
7,pv75_battery5mwh_today,0.75,0.0,0.0,85.41297912597656,53.01959802084749,0.02745002225193674,49.410040053486135,0.0,0.0,642.0,0.9047494665388187,0.005640415531219878,0.038807200537784366,pypsa_lp
8,pv75_battery5mwh_today,0.75,0.0,0.0,85.49837493896484,52.96725153112994,0.027632470521991474,49.738446939584655,0.0,0.0,657.0,0.9080962965952002,0.005677904901779069,0.03860070932987984,pypsa_lp
9,pv75_battery5mwh_today,0.75,0.0,0.0,85.74381256103516,53.075840415330134,0.027600233369663572,49.68042006539443,0.0,0.0,643.0,0.914434318119135,0.005671280829382926,0.03714496866096893,pypsa_lp
10,pv75_battery5mwh_today,0.75,0.0,0.0,85.7463607788086,53.069016515470636,0.027929760269982392,50.273568485968305,0.0,0.0,629.0,0.9164575082829041,0.005738991836297752,0.03756030482469842,pypsa_lp
11,pv75_battery5mwh_today,0.75,0.0,0.0,86.38888549804688,52.95292814576845,0.027847735181527913,50.12592332675024,0.0,0.0,646.0,0.9119838079668358,0.005722137366067379,0.03732537404984493,pypsa_lp
12,pv75_battery5mwh_today,0.75,0.0,0.0,85.38623809814453,52.87585388786106,0.02739911178560854,49.318401214095374,0.0,0.0,670.0,0.9022987076551321,0.0056299544764949055,0.03997300109299925,pypsa_lp
13,pv75_battery5mwh_today,0.75,0.0,0.0,85.36973571777344,53.010879831036576,0.02763784440737974,49.74811993328353,0.0,0.0,630.0,0.9043701737155717,0.0056790091248040565,0.03758900325993019,pypsa_lp
14,pv75_battery5mwh_today,0.75,0.0,0.0,85.68448638916016,53.01288121401923,0.027465910042167967,49.43863807590234,0.0,0.0,626.0,0.9130871593852494,0.005643680145650952,0.037531254870961935,pypsa_lp
15,pv75_battery5mwh_today,0.75,0.0,0.0,86.39348602294922,52.91394903400642,0.02767199136963661,49.8095844653459,0.0,0.0,678.0,0.9108360280478482,0.005686025623897934,0.03965929476947102,pypsa_lp
16,pv75_battery5mwh_today,0.75,0.0,0.0,85.41260528564453,52.96561435617359,0.028002668986134318,50.404804175041775,0.0,0.0,671.0,0.9210619661272151,0.005753973079342669,0.03963033657494627,pypsa_lp
17,pv75_battery5mwh_today,0.75,0.0,0.0,85.62326049804688,53.032762797758984,0.027893786960089113,50.208816528160405,0.0,0.0,667.0,0.9146487718492348,0.005731600060292283,0.039855256772038335,pypsa_lp
18,pv75_battery5mwh_today,0.75,0.0,0.0,85.95651245117188,52.921245292916566,0.027602447911739856,49.68440624113174,0.0,0.0,647.0,0.9013704941573268,0.005671735872275313,0.0383442926241245,pypsa_lp
19,pv75_battery5mwh_today,0.75,0.0,0.0,85.72967529296875,53.05531483026508,0.027744846168154022,49.94072310267724,0.0,0.0,644.0,0.922427702742273,0.005700995787976853,0.03839928218597729,pypsa_lp
20,pv75_battery5mwh_today,0.75,0.0,0.0,85.03370666503906,52.91310079848729,0.027482015412164374,49.46762774189587,0.0,0.0,658.0,0.9070850950730477,0.005646989468252953,0.03868083269829166,pypsa_lp
21,pv75_battery5mwh_today,0.75,0.0,0.0,85.2671127319336,52.892247479858455,0.027735635053757035,49.92414309676266,0.0,0.0,672.0,0.907812921919641,0.005699103093237747,0.03969107701317011,pypsa_lp
22,pv75_battery5mwh_today,0.75,0.0,0.0,85.19063568115234,52.88598040198565,0.027304903987217632,49.148827176991745,0.0,0.0,661.0,0.9099092964238916,0.005610596709702253,0.039253321279562846,pypsa_lp
23,pv75_battery5mwh_today,0.75,0.0,0.0,84.98033905029297,53.102682419774744,0.02798475341549587,50.37255614789257,0.0,0.0,625.0,0.9204340650624946,0.005750291797704631,0.038045138146129864,pypsa_lp
24,pv75_battery5mwh_today,0.75,0.0,0.0,84.87255096435547,53.04313243024121,0.02745039541702587,49.41071175064656,0.0,0.0,633.0,0.9109125721979099,0.005640492208977919,0.037258570735968756,pypsa_lp
25,pv75_battery5mwh_today,0.75,0.0,0.0,85.14801025390625,53.06552037690474,0.027728764439480105,49.91177599106419,0.0,0.0,637.0,0.9094113043895885,0.005697691323180844,0.037540480620337255,pypsa_lp
26,pv75_battery5mwh_today,0.75,0.0,0.0,85.37684631347656,53.03011346883441,0.027659546878485965,49.787184381274734,0.0,0.0,627.0,0.9178940326661235,0.005683468536675199,0.03847030629690234,pypsa_lp
27,pv75_battery5mwh_today,0.75,0.0,0.0,85.90391540527344,52.900649639093686,0.027148227245570786,48.86680904202742,0.0,0.0,667.0,0.9230171529585007,0.005578402858678929,0.03941392627785109,pypsa_lp
28,pv75_battery5mwh_today,0.75,0.0,0.0,85.57996368408203,53.02187969356501,0.027814570647331272,50.06622716519629,0.0,0.0,624.0,0.922930013900596,0.005715322735753002,0.03726229608235025,pypsa_lp
29,pv75_battery5mwh_today,0.75,0.0,0.0,85.32256317138672,52.93619646272679,0.027418413578325602,49.353144440986085,0.0,0.0,678.0,0.9124084332272242,0.005633920598286083,0.03956973940964513,pypsa_lp
30,pv75_battery5mwh_today,0.75,0.0,0.0,85.19157409667969,53.06613631583485,0.027841874120206955,50.11537341637252,0.0,0.0,587.0,0.9148053711200016,0.00572093303839869,0.035625404833306284,pypsa_lp
31,pv75_battery5mwh_today,0.75,0.0,0.0,85.6285171508789,53.1055590573599,0.02777175462841422,49.989158331145596,0.0,0.0,635.0,0.9179187177161283,0.0057065249236467564,0.037071782870931345,pypsa_lp
32,pv75_battery5mwh_today,0.75,0.0,0.0,85.58788299560547,53.06043459289533,0.02771492515647734,49.886865281659205,0.0,0.0,631.0,0.9047695870699041,0.005694847634892604,0.03789971393214579,pypsa_lp
33,pv75_battery5mwh_today,0.75,0.0,0.0,85.35392761230469,53.007421978936755,0.027632592901277075,49.73866722229874,0.0,0.0,640.0,0.9063997894740127,0.005677930048207618,0.03822551087904598,pypsa_lp
34,pv75_battery5mwh_today,0.75,0.0,0.0,85.14584350585938,52.94818398431679,0.027533466765719793,49.56024017829563,0.0,0.0,657.0,0.9210137642794801,0.005657561664188999,0.039237131606845665,pypsa_lp
35,pv75_battery5mwh_today,0.75,0.0,0.0,84.96548461914062,52.98411903032592,0.027366947808768347,49.260506055783026,0.0,0.0,601.0,0.8916287400351712,0.00562334544015788,0.03681114534025444,pypsa_lp
36,pv75_battery5mwh_today,0.75,0.0,0.0,85.02494812011719,52.92017815458463,0.02765245138596333,49.774412494733994,0.0,0.0,672.0,0.9067175437217814,0.005682010558759588,0.04012205201114975,pypsa_lp
37,pv75_battery5mwh_today,0.75,0.0,0.0,85.23942565917969,52.842524973024744,0.027248800077145113,49.047840138861204,0.0,0.0,674.0,0.9028669472326152,0.0055990685090024205,0.03971015986692888,pypsa_lp
38,pv75_battery5mwh_today,0.75,0.0,0.0,85.80877685546875,53.016607997005906,0.02757012674541878,49.626228141753806,0.0,0.0,612.0,0.907018091890793,0.005665094536729887,0.03685235844457267,pypsa_lp
39,pv75_battery5mwh_today,0.75,0.0,0.0,85.67523956298828,52.997943841756566,0.027438410880943176,49.38913958569771,0.0,0.0,624.0,0.9341592031678999,0.005638029633070515,0.03718800431241808,pypsa_lp
40,pv75_battery5mwh_today,0.75,0.0,0.0,85.18162536621094,53.03172191438214,0.027664820754488277,49.796677358078895,0.0,0.0,626.0,0.905451932296808,0.0056845522098263575,0.03773037490749436,pypsa_lp
41,pv75_battery5mwh_today,0.75,0.0,0.0,84.90306854248047,52.96352104066037,0.027495288591633842,49.491519464940914,0.0,0.0,632.0,0.9237094638226916,0.005649716833897364,0.036675534464226764,pypsa_lp
42,pv75_battery5mwh_today,0.75,0.0,0.0,85.64385986328125,52.991220230767084,0.027764259898083687,49.97566781655063,0.0,0.0,651.0,0.9082789518475356,0.005704984910565141,0.03911708332580941,pypsa_lp
43,pv75_battery5mwh_today,0.75,0.0,0.0,85.23774719238281,53.03466959356989,0.027873901878486294,50.17302338127533,0.0,0.0,618.0,0.9067651311840479,0.005727514084620472,0.03767654359951989,pypsa_lp
44,pv75_battery5mwh_today,0.75,0.0,0.0,85.65724182128906,53.102780299224726,0.02787798987833289,50.1803817809992,0.0,0.0,626.0,0.9129135104822141,0.005728354084588949,0.03717460157521037,pypsa_lp
45,pv75_battery5mwh_today,0.75,0.0,0.0,85.31952667236328,53.04703135672372,0.028082216814066245,50.547990265319235,0.0,0.0,590.0,0.9115162481686709,0.005770318523438269,0.03574626648399524,pypsa_lp
46,pv75_battery5mwh_today,0.75,0.0,0.0,85.17578887939453,52.973680317790404,0.0276577472379339,49.78394502828102,0.0,0.0,649.0,0.9147748162165775,0.0056830987475206644,0.03836858622830069,pypsa_lp
47,pv75_battery5mwh_today,0.75,0.0,0.0,85.04621887207031,52.988507842542006,0.02731844358596092,49.17319845472966,0.0,0.0,619.0,0.9035853461726755,0.005613378819033065,0.03721902417668929,pypsa_lp
48,pv75_battery5mwh_today,0.75,0.0,0.0,84.99433898925781,53.01942601109362,0.027337915673897633,49.208248213015736,0.0,0.0,605.0,0.9172111236024312,0.005617379932992664,0.036694561147481534,pypsa_lp
49,pv75_battery5mwh_today,0.75,0.0,0.0,85.3630599975586,52.85117777034511,0.027508964115137386,49.5161354072473,0.0,0.0,663.0,0.9014251034878489,0.0056525268729734355,0.04025165565419726,pypsa_lp
50,pv75_battery5mwh_today,0.75,0.0,0.0,85.01863098144531,52.930284667065045,0.02741931380456757,49.35476484822163,0.0,0.0,655.0,0.9033067740779247,0.005634105576281008,0.03886635390272132,pypsa_lp
51,pv75_battery5mwh_today,0.75,0.0,0.0,84.85462188720703,52.96489053607968,0.027422874041151617,49.36117327407291,0.0,0.0,671.0,0.9139466046227293,0.005634837131743483,0.040121462782849227,pypsa_lp
52,pv75_battery5mwh_today,0.75,0.0,0.0,85.68147277832031,53.1132608914501,0.027741949708493023,49.93550947528744,0.0,0.0,632.0,0.9124424644094817,0.005700400625032813,0.03785628703096226,pypsa_lp
53,pv75_battery5mwh_today,0.75,0.0,0.0,85.39248657226562,53.03907163696838,0.027721392134513842,49.89850584212492,0.0,0.0,632.0,0.9202619753694333,0.005696176465995995,0.038446521312559837,pypsa_lp
54,pv75_battery5mwh_today,0.75,0.0,0.0,85.1468734741211,52.942381650170915,0.027327522470688342,49.18954044723902,0.0,0.0,639.0,0.9052049839107601,0.005615244343292126,0.03816464659074844,pypsa_lp
55,pv75_battery5mwh_today,0.75,0.0,0.0,85.49188995361328,53.08715833854166,0.02764106294776013,49.75391330596823,0.0,0.0,586.0,0.9101916838998592,0.005679670468717834,0.03555546367768037,pypsa_lp
56,pv75_battery5mwh_today,0.75,0.0,0.0,85.34901428222656,52.99787890260464,0.027609436008737484,49.696984815727475,0.0,0.0,634.0,0.921127885286703,0.005673171782617292,0.03736921104127361,pypsa_lp
57,pv75_battery5mwh_today,0.75,0.0,0.0,85.00982666015625,53.02301286965371,0.027799445708665015,50.03900227559703,0.0,0.0,663.0,0.9111683135472393,0.005712214871643496,0.03925976389487075,pypsa_lp
58,pv75_battery5mwh_today,0.75,0.0,0.0,85.90458679199219,52.892967534332556,0.02740734362841335,49.33321853114403,0.0,0.0,675.0,0.9328945988727895,0.0056316459510438385,0.03996217815659579,pypsa_lp
59,pv75_battery5mwh_today,0.75,0.0,0.0,85.01900482177734,53.02822566827094,0.02762003619052675,49.71606514294815,0.0,0.0,665.0,0.903743453448651,0.0056753499021630315,0.040199426403887906,pypsa_lp
60,pv75_battery5mwh_today,0.75,0.0,0.0,84.70831298828125,53.01792129709591,0.027563916066650065,49.61504891997012,0.0,0.0,637.0,0.9148741783927558,0.005663818369859603,0.03786521805517813,pypsa_lp
61,pv75_battery5mwh_today,0.75,0.0,0.0,85.62908935546875,53.039154658629876,0.027478435638171622,49.46118414870892,0.0,0.0,619.0,0.9241150450714518,0.0056462538982544426,0.03711500649350911,pypsa_lp
62,pv75_battery5mwh_today,0.75,0.0,0.0,85.06085968017578,52.968178624618936,0.02747071076378642,49.44727937481555,0.0,0.0,642.0,0.922513125216028,0.005644666595298579,0.037776366939360075,pypsa_lp
63,pv75_battery5mwh_today,0.75,0.0,0.0,84.9710464477539,53.0178001302442,0.027479558092421388,49.4632045663585,0.0,0.0,637.0,0.9174957746045438,0.005646484539538641,0.038389076007519785,pypsa_lp
64,pv75_battery5mwh_today,0.75,0.0,0.0,86.81085205078125,52.99784140106022,0.0277895341999145,50.0211615598461,0.0,0.0,672.0,0.9091910827046783,0.005710178260256404,0.04010788536446111,pypsa_lp
65,pv75_battery5mwh_today,0.75,0.0,0.0,85.27236938476562,53.06552383284992,0.027873461929151883,50.17223147247339,0.0,0.0,594.0,0.9288585940564212,0.005727423684072305,0.03489984570635178,pypsa_lp
66,pv75_battery5mwh_today,0.75,0.0,0.0,84.88187408447266,53.095448568624455,0.02758294349219931,49.649298285958764,0.0,0.0,604.0,0.9059800422642775,0.005667728114835476,0.03730537479459975,pypsa_lp
67,pv75_battery5mwh_today,0.75,0.0,0.0,84.94894409179688,53.02737157110951,0.02748647217231066,49.47564991015919,0.0,0.0,606.0,0.9053169470144298,0.005647905240885752,0.03712853388612288,pypsa_lp
68,pv75_battery5mwh_today,0.75,0.0,0.0,85.50508880615234,53.01605066871793,0.027474545161638362,49.45418129094905,0.0,0.0,618.0,0.9083609737840918,0.005645454485268157,0.037334850249798095,pypsa_lp
69,pv75_battery5mwh_today,0.75,0.0,0.0,84.59828186035156,52.97214513157846,0.027684874890785034,49.83277480341306,0.0,0.0,662.0,0.9137804991505843,0.005688672922764048,0.03983322713862713,pypsa_lp
70,pv75_battery5mwh_today,0.75,0.0,0.0,85.58306884765625,53.06400776969153,0.027617761895365536,49.71197141165797,0.0,0.0,615.0,0.9020770921944932,0.005674882581239494,0.03742586754401276,pypsa_lp
71,pv75_battery5mwh_today,0.75,0.0,0.0,85.55413055419922,52.920785731380924,0.02731681631360429,49.170269364487716,0.0,0.0,647.0,0.9022950127890894,0.005613044448000881,0.03768039289630206,pypsa_lp
72,pv75_battery5mwh_today,0.75,0.0,0.0,85.1626205444336,53.08787014672738,0.0276610005177969,49.78980093203442,0.0,0.0,626.0,0.9021511005840773,0.005683767229684295,0.0371367329625753,pypsa_lp
73,pv75_battery5mwh_today,0.75,0.0,0.0,84.7208251953125,52.88386316585169,0.027322978666724278,49.1813616001037,0.0,0.0,688.0,0.9015147578304634,0.005614310684943345,0.04006618378476985,pypsa_lp
74,pv75_battery5mwh_today,0.75,0.0,0.0,85.1867446899414,52.99282527809874,0.027600214930814132,49.68038687546544,0.0,0.0,659.0,0.9064786605165028,0.005671277040578247,0.03896685110241745,pypsa_lp
75,pv75_battery5mwh_today,0.75,0.0,0.0,85.28144836425781,52.888677819982135,0.02739550416857433,49.31190750343379,0.0,0.0,663.0,0.911583085320772,0.005629213185323493,0.039425595238662826,pypsa_lp
76,pv75_battery5mwh_today,0.75,0.0,0.0,85.18748474121094,53.13420087898661,0.02752446218849485,49.544031939290726,0.0,0.0,631.0,0.9176277628331981,0.005655711408594832,0.037480058828051124,pypsa_lp
77,pv75_battery5mwh_today,0.75,0.0,0.0,84.89241027832031,52.92144998998393,0.027774397150124138,49.99391487022345,0.0,0.0,664.0,0.9060817268809581,0.0057070679075597545,0.039516621517627686,pypsa_lp
78,pv75_battery5mwh_today,0.75,0.0,0.0,85.47705078125,52.913810777377854,0.027359912878964596,49.24784318213627,0.0,0.0,667.0,0.9028812525887736,0.005621899906636561,0.04006018139667998,pypsa_lp
79,pv75_battery5mwh_today,0.75,0.0,0.0,85.85553741455078,53.03812845116353,0.02756608984616605,49.618961723098884,0.0,0.0,621.0,0.9136443657073471,0.0056642650368834355,0.03692705335850588,pypsa_lp
80,pv75_battery5mwh_today,0.75,0.0,0.0,85.25801086425781,52.938670777025195,0.027828750060255474,50.091750108459856,0.0,0.0,656.0,0.9103663697765431,0.005718236313751125,0.03890337842173333,pypsa_lp
81,pv75_battery5mwh_today,0.75,0.0,0.0,85.94417572021484,52.978288086284124,0.027731631625359465,49.916936925647036,0.0,0.0,634.0,0.9079328156701272,0.005698280470964274,0.0380625720766874,pypsa_lp
82,pv75_battery5mwh_today,0.75,0.0,0.0,85.59342193603516,52.99513463613657,0.027597314825346164,49.6751666856231,0.0,0.0,649.0,0.911865583347359,0.005670681128495787,0.0390052393380872,pypsa_lp
83,pv75_battery5mwh_today,0.75,0.0,0.0,85.86605834960938,52.98847937191129,0.027325977278297935,49.186759100936285,0.0,0.0,651.0,0.9127763797200114,0.005614926838006426,0.038999892880185384,pypsa_lp
84,pv75_battery5mwh_today,0.75,0.0,0.0,85.57659149169922,52.90161701810823,0.027466079505798255,49.43894311043685,0.0,0.0,667.0,0.9203553077203459,0.0056437149669448464,0.04048365476037846,pypsa_lp
85,pv75_battery5mwh_today,0.75,0.0,0.0,85.59740447998047,53.03270110569887,0.027582279784130286,49.648103611434514,0.0,0.0,619.0,0.9103383832847359,0.005667591736465127,0.03760181229729161,pypsa_lp
86,pv75_battery5mwh_today,0.75,0.0,0.0,85.5976333618164,53.03751600402813,0.02800103245694664,50.40185842250395,0.0,0.0,620.0,0.9076466930242659,0.005753636806221912,0.03690048663964287,pypsa_lp
87,pv75_battery5mwh_today,0.75,0.0,0.0,85.5569076538086,52.829901738060514,0.027431238998833152,49.37623019789967,0.0,0.0,683.0,0.9311913827167639,0.005636555958664347,0.03974156542072858,pypsa_lp
88,pv75_battery5mwh_today,0.75,0.0,0.0,85.41133117675781,52.87613919469928,0.027655486175036593,49.77987511506586,0.0,0.0,714.0,0.9035300220625145,0.005682634145555465,0.04190913914359713,pypsa_lp
89,pv75_battery5mwh_today,0.75,0.0,0.0,85.4530258178711,52.93492381328937,0.027317878184171723,49.1721807315091,0.0,0.0,665.0,0.9211122615438192,0.0056132626405832305,0.040088844714826856,pypsa_lp
90,pv75_battery5mwh_today,0.75,0.0,0.0,85.42572021484375,53.07205112223242,0.027825951501411636,50.08671270254094,0.0,0.0,627.0,0.912753719260638,0.00571766126741335,0.037421305658973156,pypsa_lp
91,pv75_battery5mwh_today,0.75,0.0,0.0,85.49650573730469,53.01218918733599,0.02763124511648733,49.73624120967719,0.0,0.0,652.0,0.9029746560789855,0.005677653106127533,0.03915568035578086,pypsa_lp
92,pv75_battery5mwh_today,0.75,0.0,0.0,85.08649444580078,53.1326004288563,0.02786005539928404,50.14809971871128,0.0,0.0,611.0,0.9161922047501194,0.005724668917661104,0.037696634848001,pypsa_lp
93,pv75_battery5mwh_today,0.75,0.0,0.0,85.42955017089844,53.04067009515537,0.027535865316950944,49.564557570511695,0.0,0.0,657.0,0.9105401049709495,0.0056580545171817,0.03824317535117158,pypsa_lp
94,pv75_battery5mwh_today,0.75,0.0,0.0,85.29558563232422,52.96076473761524,0.02752153515327441,49.538763275893935,0.0,0.0,646.0,0.9050126249186446,0.005655109963001591,0.038058444730465546,pypsa_lp
95,pv75_battery5mwh_today,0.75,0.0,0.0,85.27777099609375,52.91053634183002,0.02740898102984079,49.33616585371342,0.0,0.0,669.0,0.9161037006469489,0.005631982403391943,0.03990110315346955,pypsa_lp
96,pv75_battery5mwh_today,0.75,0.0,0.0,85.39336395263672,52.94038022690017,0.028185055149338615,50.73309926880951,0.0,0.0,655.0,0.9101041577533427,0.0057914496882202635,0.03901797435806411,pypsa_lp
97,pv75_battery5mwh_today,0.75,0.0,0.0,85.51935577392578,52.96270206590976,0.027354597434400635,49.23827538192114,0.0,0.0,626.0,0.9189452119518984,0.00562080769200013,0.03723512086674964,pypsa_lp
98,pv75_battery5mwh_today,0.75,0.0,0.0,86.21414947509766,53.01270579520807,0.027599730701164078,49.679515262095336,0.0,0.0,644.0,0.9074775742719999,0.005671177541335084,0.03876639496314528,pypsa_lp
99,pv75_battery5mwh_today,0.75,0.0,0.0,85.06360626220703,53.034561848780456,0.02761008061859541,49.69814511347173,0.0,0.0,632.0,0.9181659273968834,0.005673304236697687,0.03771308223611234,pypsa_lp
0,pv75_battery5mwh_ev30_warmer_2030,0.75,1.0,4.5,88.98609161376953,58.28002838049263,0.05073439704150087,91.32191467470157,0.0,0.0,43.0,0.9863397182953744,0.010424876104417988,0.001965368632688532,threshold
1,pv75_battery5mwh_ev30_warmer_2030,0.75,1.0,4.5,88.73274230957031,58.13316692126271,0.05022300044575288,90.4014008023552,0.0,0.0,41.0,0.9672445175108177,0.010319794612141005,0.0016027417387762565,threshold
2,pv75_battery5mwh_ev30_warmer_2030,0.75,1.0,4.5,88.42179107666016,58.14995016253923,0.050628936790199516,91.13208622235913,0.0,0.0,54.0,0.9687535313803506,0.010403206189767023,0.0020328611491990402,threshold
3,pv75_battery5mwh_ev30_warmer_2030,0.75,1.0,4.5,88.53389739990234,58.204533380858074,0.05036041253755528,90.6487425675995,0.0,0.0,45.0,0.9737210499049209,0.010348029973470263,0.0017285960090738849,threshold
4,pv75_battery5mwh_ev30_warmer_2030,0.75,1.0,4.5,88.57816314697266,58.16729260294668,0.05023495144137655,90.4229125944778,0.0,0.0,28.0,0.976780861239512,0.010322250296173265,0.0012184746327002281,threshold
5,pv75_battery5mwh_ev30_warmer_2030,0.75,1.0,4.5,88.65005493164062,58.385740518093144,0.05079366087946626,91.42858958303927,0.0,0.0,30.0,0.9802327777675138,0.01043705360536978,0.0011843616141718918,threshold
6,pv75_battery5mwh_ev30_warmer_2030,0.75,1.0,4.5,89.05744934082031,58.275558334466226,0.05036255599567929,90.65260079222273,0.0,0.0,40.0,0.9738262489696599,0.010348470410071088,0.0014090869943299879,threshold
7,pv75_battery5mwh_ev30_warmer_2030,0.75,1.0,4.5,88.63444519042969,58.18867448362089,0.05022665300862993,90.40797541553387,0.0,0.0,52.0,0.9674533783375933,0.010320545138759575,0.0022802879205687803,threshold
8,pv75_battery5mwh_ev30_warmer_2030,0.75,1.0,4.5,88.69442749023438,58.19364224194877,0.05114671118690112,92.064080136422,0.0,0.0,50.0,0.9762960663916707,0.01050959818908927,0.0018138027065376996,threshold
9,pv75_battery5mwh_ev30_warmer_2030,0.75,1.0,4.5,88.70033264160156,58.27877809352612,0.05049877350067188,90.89779230120939,0.0,0.0,45.0,0.9831095119816365,0.010376460308357236,0.0015361897536164747,threshold
10,pv75_battery5mwh_ev30_warmer_2030,0.75,1.0,4.5,88.58043670654297,58.270185495068205,0.05116233583872385,92.09220450970294,0.0,0.0,54.0,0.9861424906599368,0.010512808733984353,0.0018262459068997228,threshold
11,pv75_battery5mwh_ev30_warmer_2030,0.75,1.0,4.5,88.62006378173828,58.089480374803706,0.05055533914808931,90.99961046656077,0.0,0.0,39.0,0.9793454778155264,0.010388083386593696,0.0014876457800705417,threshold
12,pv75_battery5mwh_ev30_warmer_2030,0.75,1.0,4.5,88.62188720703125,58.06300958662379,0.0509730913639834,91.75156445517011,0.0,0.0,41.0,0.9679856412266448,0.010473922883010287,0.0016466871316089433,threshold
13,pv75_battery5mwh_ev30_warmer_2030,0.75,1.0,4.5,88.81621551513672,58.20762888823027,0.0506779413592159,91.22029444658861,0.0,0.0,43.0,0.971050363404846,0.010413275621756691,0.0015608134017922513,threshold
14,pv75_battery5mwh_ev30_warmer_2030,0.75,1.0,4.5,88.7076416015625,58.17967229204397,0.04999770987503451,89.99587777506213,0.0,0.0,31.0,0.9822019416623657,0.01027350202911668,0.0012804017859160879,threshold
15,pv75_battery5mwh_ev30_warmer_2030,0.75,1.0,4.5,88.62245178222656,58.08565491356416,0.050715985729909374,91.28877431383688,0.0,0.0,37.0,0.9803149823119699,0.010421092958200557,0.0013008781501848822,threshold
16,pv75_battery5mwh_ev30_warmer_2030,0.75,1.0,4.5,88.71800231933594,58.111619990437156,0.05103854351357263,91.86937832443074,0.0,0.0,49.0,0.9891741571247196,0.01048737195484369,0.0018827824250411001,threshold
17,pv75_battery5mwh_ev30_warmer_2030,0.75,1.0,4.5,88.93357849121094,58.219366626827735,0.051222248134502615,92.2000466421047,0.0,0.0,39.0,0.9823905385335654,0.010525119479692318,0.001613326925869479,threshold
18,pv75_battery5mwh_ev30_warmer_2030,0.75,1.0,4.5,88.5583724975586,58.080915420591424,0.05059245626478733,91.06642127661719,0.0,0.0,42.0,0.969600651910211,0.010395710191394658,0.0015040628414388127,threshold
19,pv75_battery5mwh_ev30_warmer_2030,0.75,1.0,4.5,88.68022918701172,58.223385873846624,0.050337543563106366,90.60757841359147,0.0,0.0,41.0,0.9915043884455703,0.010343330869131445,0.0017467352066946175,threshold
20,pv75_battery5mwh_ev30_warmer_2030,0.75,1.0,4.5,88.89371490478516,58.09704855851057,0.0507126799845593,91.28282397220673,0.0,0.0,39.0,0.968537873189609,0.01042041369545739,0.0016766156802795872,threshold
21,pv75_battery5mwh_ev30_warmer_2030,0.75,1.0,4.5,88.22080993652344,58.03117690312123,0.05041242281421812,90.74236106559263,0.0,0.0,34.0,0.9739281792068067,0.010358717016620164,0.001263291408206749,threshold
22,pv75_battery5mwh_ev30_warmer_2030,0.75,1.0,4.5,88.24873352050781,58.10116607008765,0.050841699046728285,91.51505828411092,0.0,0.0,44.0,0.9800214246808914,0.010446924461656498,0.0014766080848782556,threshold
23,pv75_battery5mwh_ev30_warmer_2030,0.75,1.0,4.5,88.25341796875,58.27110656281479,0.05094747879443243,91.70546182997836,0.0,0.0,42.0,0.987914336758993,0.010468660026253237,0.0017452503963966,threshold
24,pv75_battery5mwh_ev30_warmer_2030,0.75,1.0,4.5,88.63883972167969,58.26203000562449,0.0507617797022889,91.37120346412003,0.0,0.0,41.0,0.9796759764110351,0.010430502678552514,0.0018053381253473359,threshold
25,pv75_battery5mwh_ev30_warmer_2030,0.75,1.0,4.5,88.50618743896484,58.26211385369291,0.05092230901839334,91.66015623310801,0.0,0.0,38.0,0.9763279690611757,0.010463488154464386,0.0011541243853155296,threshold
26,pv75_battery5mwh_ev30_warmer_2030,0.75,1.0,4.5,88.55599212646484,58.21032101571331,0.050706318661596465,91.27137359087364,0.0,0.0,34.0,0.9871534251590214,0.010419106574300643,0.0012392994537660997,threshold
27,pv75_battery5mwh_ev30_warmer_2030,0.75,1.0,4.5,88.30866241455078,58.0996861225997,0.050427129146805846,90.76883246425052,0.0,0.0,48.0,0.9705437576722078,0.010361738865782023,0.0017951487560661568,threshold
28,pv75_battery5mwh_ev30_warmer_2030,0.75,1.0,4.5,88.54737854003906,58.212036167179974,0.05113086513070988,92.03555723527778,0.0,0.0,31.0,0.991176170828246,0.010506342150145865,0.0011919108261332833,threshold
29,pv75_battery5mwh_ev30_warmer_2030,0.75,1.0,4.5,88.70004272460938,58.10681343917663,0.05039984931201345,90.71972876162421,0.0,0.0,37.0,0.9793464610502289,0.010356133420276737,0.0012536625241436276,threshold
30,pv75_battery5mwh_ev30_warmer_2030,0.75,1.0,4.5,88.33240509033203,58.242175393176026,0.05073212040542769,91.31781672976983,0.0,0.0,40.0,0.9758773680959604,0.010424408302485142,0.0011119709737166532,threshold
31,pv75_battery5mwh_ev30_warmer_2030,0.75,1.0,4.5,88.39805603027344,58.28718527712988,0.05035865624206683,90.64558123572029,0.0,0.0,47.0,0.9868599254099912,0.010347669090835648,0.0017823094935405126,threshold
32,pv75_battery5mwh_ev30_warmer_2030,0.75,1.0,4.5,88.7726058959961,58.24880875750878,0.05073526439568707,91.32347591223672,0.0,0.0,37.0,0.9647351090164544,0.010425054327880904,0.0012457824272687707,threshold
33,pv75_battery5mwh_ev30_warmer_2030,0.75,1.0,4.5,88.62419891357422,58.169469967901414,0.050270403363691096,90.48672605464397,0.0,0.0,39.0,0.9710630708163579,0.010329534937744744,0.0013882563262644352,threshold
34,pv75_battery5mwh_ev30_warmer_2030,0.75,1.0,4.5,88.64923095703125,58.10915570398633,0.05044616696989911,90.80310054581841,0.0,0.0,40.0,0.9739497638056205,0.010365650747239543,0.001614579240643534,threshold
35,pv75_battery5mwh_ev30_warmer_2030,0.75,1.0,4.5,88.58597564697266,58.173319373040215,0.050583278109215334,91.04990059658759,0.0,0.0,42.0,0.9601365362809643,0.01039382426901685,0.0016458275103670896,threshold
36,pv75_battery5mwh_ev30_warmer_2030,0.75,1.0,4.5,88.41327667236328,58.103113907015135,0.050915311604660694,91.64756088838925,0.0,0.0,36.0,0.9737536602147783,0.0104620503297248,0.0013391411713356005,threshold
37,pv75_battery5mwh_ev30_warmer_2030,0.75,1.0,4.5,88.4591064453125,57.988698540662945,0.050079089102066154,90.14236038371908,0.0,0.0,51.0,0.9731240363676403,0.010290223788095786,0.001807682843242535,threshold
38,pv75_battery5mwh_ev30_warmer_2030,0.75,1.0,4.5,88.83952331542969,58.23082516857302,0.0506119471557679,91.10150488038222,0.0,0.0,36.0,0.975881363892781,0.010399715168993405,0.0012034706388597694,threshold
39,pv75_battery5mwh_ev30_warmer_2030,0.75,1.0,4.5,88.8829116821289,58.18873542347735,0.05025409850326276,90.45737730587297,0.0,0.0,44.0,1.0037852737630615,0.010326184623958101,0.0014084243575659453,threshold
40,pv75_battery5mwh_ev30_warmer_2030,0.75,1.0,4.5,88.7579574584961,58.258334716523876,0.05112705637267491,92.02870147081484,0.0,0.0,28.0,0.973541317220638,0.010505559528631829,0.0011692333838810261,threshold
41,pv75_battery5mwh_ev30_warmer_2030,0.75,1.0,4.5,88.63607025146484,58.14924159586264,0.050390955833161576,90.70372049969083,0.0,0.0,37.0,0.9924823306154562,0.010354305993115391,0.0013412423594762334,threshold
42,pv75_battery5mwh_ev30_warmer_2030,0.75,1.0,4.5,88.61153411865234,58.17815634213222,0.051111552852255444,92.0007951340598,0.0,0.0,44.0,0.9755884650594774,0.010502373873751119,0.0017031844880180502,threshold
43,pv75_battery5mwh_ev30_warmer_2030,0.75,1.0,4.5,88.73941040039062,58.242508281636454,0.05100179978340846,91.80323961013522,0.0,0.0,39.0,0.9740807558281974,0.010479821873303107,0.0013221914064008027,threshold
44,pv75_battery5mwh_ev30_warmer_2030,0.75,1.0,4.5,88.59744262695312,58.306489413545584,0.0511202424817874,92.01643646721732,0.0,0.0,50.0,0.980992207747414,0.010504159414065904,0.001989220312300483,threshold
45,pv75_battery5mwh_ev30_warmer_2030,0.75,1.0,4.5,88.57594299316406,58.21869701773242,0.05087071264038405,91.56728275269128,0.0,0.0,42.0,0.9785015041295898,0.010452886158983023,0.0013834938562459899,threshold
46,pv75_battery5mwh_ev30_warmer_2030,0.75,1.0,4.5,89.00940704345703,58.151624152103864,0.0507569132617684,91.36244387118312,0.0,0.0,36.0,0.9726836397619001,0.010429502725020905,0.0014187532453440017,threshold
47,pv75_battery5mwh_ev30_warmer_2030,0.75,1.0,4.5,88.56137084960938,58.17589479807744,0.050334184630343067,90.60153233461752,0.0,0.0,39.0,0.97192792541539,0.010342640677467754,0.0013403100905423502,threshold
48,pv75_battery5mwh_ev30_warmer_2030,0.75,1.0,4.5,88.2673110961914,58.2295423875412,0.05037609851847801,90.67697733326042,0.0,0.0,32.0,0.9843350188273945,0.010351253120235208,0.0013756249898853724,threshold
49,pv75_battery5mwh_ev30_warmer_2030,0.75,1.0,4.5,88.56554412841797,57.97341998564621,0.05013295819324949,90.23932474784908,0.0,0.0,45.0,0.9686474131072945,0.010301292779434828,0.0017971240736937059,threshold
50,pv75_battery5mwh_ev30_warmer_2030,0.75,1.0,4.5,88.45124816894531,58.08049237185707,0.050237193640561735,90.42694855301113,0.0,0.0,55.0,0.9652644115374678,0.010322711022033235,0.001969940666098159,threshold
51,pv75_battery5mwh_ev30_warmer_2030,0.75,1.0,4.5,88.5637435913086,58.16182602416466,0.05067420490639614,91.21356883151304,0.0,0.0,48.0,0.9801756261682572,0.010412507857478657,0.0018370702967285696,threshold
52,pv75_battery5mwh_ev30_warmer_2030,0.75,1.0,4.5,88.59005737304688,58.33909044577102,0.05122008885039441,92.19615993070994,0.0,0.0,38.0,0.9813144901994386,0.010524675791176934,0.0014012918190977363,threshold
53,pv75_battery5mwh_ev30_warmer_2030,0.75,1.0,4.5,88.88542938232422,58.23402266520692,0.0506823086190525,91.2281555142945,0.0,0.0,39.0,0.9870662367818653,0.010414173003914897,0.0016619329022936951,threshold
54,pv75_battery5mwh_ev30_warmer_2030,0.75,1.0,4.5,88.55115509033203,58.1561169022403,0.05049578028473689,90.8924045125264,0.0,0.0,36.0,0.9678223300225848,0.010375845263987032,0.0013809362641334815,threshold
55,pv75_battery5mwh_ev30_warmer_2030,0.75,1.0,4.5,88.99385833740234,58.271865298899556,0.0504453511927039,90.80163214686702,0.0,0.0,34.0,0.9789220439761914,0.010365483121788475,0.0010373462223017705,threshold
56,pv75_battery5mwh_ev30_warmer_2030,0.75,1.0,4.5,88.75050354003906,58.20404865357958,0.0508298448207817,91.49372067740707,0.0,0.0,44.0,0.9782985559341069,0.01044448866180446,0.001747780303702665,threshold
57,pv75_battery5mwh_ev30_warmer_2030,0.75,1.0,4.5,88.56326293945312,58.20338209906603,0.0509401734179442,91.69231215229956,0.0,0.0,31.0,0.9757143909754742,0.010467158921495382,0.00125935486140233,threshold
58,pv75_battery5mwh_ev30_warmer_2030,0.75,1.0,4.5,88.77044677734375,58.01332134435872,0.0499144277481388,89.84596994664984,0.0,0.0,42.0,0.9862526755346687,0.010256389263316191,0.0014058635691770612,threshold
59,pv75_battery5mwh_ev30_warmer_2030,0.75,1.0,4.5,88.55379486083984,58.262665471288535,0.05148303657968907,92.66946584344032,0.0,0.0,30.0,0.9679675736995347,0.010578706146511452,0.0012455259450688562,threshold
60,pv75_battery5mwh_ev30_warmer_2030,0.75,1.0,4.5,88.52136993408203,58.22122269582332,0.050624391856322254,91.12390534138005,0.0,0.0,33.0,0.9836339927513252,0.010402272299244298,0.0015452128850844877,threshold
61,pv75_battery5mwh_ev30_warmer_2030,0.75,1.0,4.5,88.39292907714844,58.21236072958088,0.049981364472470126,89.96645605044623,0.0,0.0,40.0,0.9925438714633561,0.010270143384754135,0.001579461117849732,threshold
62,pv75_battery5mwh_ev30_warmer_2030,0.75,1.0,4.5,88.59941864013672,58.111417299366636,0.050221189301363614,90.3981407424545,0.0,0.0,31.0,0.9904496516163055,0.010319422459184303,0.001174756504711032,threshold
63,pv75_battery5mwh_ev30_warmer_2030,0.75,1.0,4.5,88.5172119140625,58.200394305458744,0.05031300279258958,90.56340502666124,0.0,0.0,40.0,0.9864295516480749,0.010338288245052655,0.0014600096536871116,threshold
64,pv75_battery5mwh_ev30_warmer_2030,0.75,1.0,4.5,88.6009750366211,58.175339810282594,0.050841353144458215,91.51443566002479,0.0,0.0,44.0,0.9775292181058255,0.010446853385847577,0.0018216117667277617,threshold
65,pv75_battery5mwh_ev30_warmer_2030,0.75,1.0,4.5,88.36349487304688,58.26795907485413,0.05112176306773662,92.01917352192592,0.0,0.0,31.0,0.981609367055953,0.010504471863233552,0.001170106952975932,threshold
66,pv75_battery5mwh_ev30_warmer_2030,0.75,1.0,4.5,88.4718246459961,58.3038863248824,0.0506342878342154,91.14171810158773,0.0,0.0,41.0,0.9729882421880279,0.01040430571935933,0.001368817201775912,threshold
67,pv75_battery5mwh_ev30_warmer_2030,0.75,1.0,4.5,88.598876953125,58.25112357811155,0.050706241157111524,91.27123408280075,0.0,0.0,32.0,0.9730490600406279,0.010419090648721546,0.0010015235304223111,threshold
68,pv75_battery5mwh_ev30_warmer_2030,0.75,1.0,4.5,88.6869888305664,58.23660697189403,0.0506325327022772,91.13855886409895,0.0,0.0,35.0,0.9786825698988605,0.010403945075810385,0.001414055488256141,threshold
69,pv75_battery5mwh_ev30_warmer_2030,0.75,1.0,4.5,88.47330474853516,58.13115607899176,0.05047129595015605,90.84833271028089,0.0,0.0,44.0,0.9795128760969919,0.010370814236333434,0.0014165650653916373,threshold
70,pv75_battery5mwh_ev30_warmer_2030,0.75,1.0,4.5,89.01103973388672,58.23684317979053,0.05023454048202924,90.42217286765263,0.0,0.0,45.0,0.971051019879236,0.010322165852471761,0.0017799685154087953,threshold
71,pv75_battery5mwh_ev30_warmer_2030,0.75,1.0,4.5,88.69632720947266,58.13054580736112,0.05039131779689326,90.70437203440787,0.0,0.0,32.0,0.9665112013985774,0.010354380369224642,0.001339992030685455,threshold
72,pv75_battery5mwh_ev30_warmer_2030,0.75,1.0,4.5,88.86151885986328,58.2673516882742,0.050656501402522126,91.18170252453983,0.0,0.0,30.0,0.9685039062369568,0.010408870151203177,0.0012698506767783288,threshold
73,pv75_battery5mwh_ev30_warmer_2030,0.75,1.0,4.5,88.37129211425781,58.02685907608958,0.05013204537937745,90.23768168287943,0.0,0.0,34.0,0.9698916714440109,0.010301105214940572,0.0011779851851234093,threshold
74,pv75_battery5mwh_ev30_warmer_2030,0.75,1.0,4.5,88.91899871826172,58.159946777576664,0.0504910473939664,90.88388530913952,0.0,0.0,41.0,0.9700738289751901,0.010374872752184875,0.0016731734461481287,threshold
75,pv75_battery5mwh_ev30_warmer_2030,0.75,1.0,4.5,88.46826171875,58.02334649165359,0.05031253250331556,90.56255850596801,0.0,0.0,44.0,0.9767762710718786,0.01033819161027032,0.0014421033225424924,threshold
76,pv75_battery5mwh_ev30_warmer_2030,0.75,1.0,4.5,88.8946762084961,58.35706674223407,0.05047546978245223,90.85584560841401,0.0,0.0,36.0,0.9854366355505547,0.010371671873106622,0.001315452544119807,threshold
77,pv75_battery5mwh_ev30_warmer_2030,0.75,1.0,4.5,88.6683578491211,58.06154987579439,0.05042398794045869,90.76317829282564,0.0,0.0,36.0,0.9748220674286767,0.010361093412423018,0.0013122142263581019,threshold
78,pv75_battery5mwh_ev30_warmer_2030,0.75,1.0,4.5,89.09581756591797,58.09782510126557,0.05045277326531561,90.81499187756809,0.0,0.0,42.0,0.9712034356464209,0.010367008205201839,0.0014680997382205629,threshold
79,pv75_battery5mwh_ev30_warmer_2030,0.75,1.0,4.5,88.49311828613281,58.26144005805391,0.05087233963878171,91.57021134980708,0.0,0.0,37.0,0.9798743636787692,0.010453220473722267,0.001304914803672481,threshold
80,pv75_battery5mwh_ev30_warmer_2030,0.75,1.0,4.5,88.70966339111328,58.087649936844876,0.050946274956687125,91.70329492203683,0.0,0.0,44.0,0.9778416956253201,0.010468412662332971,0.001347229623706197,threshold
81,pv75_battery5mwh_ev30_warmer_2030,0.75,1.0,4.5,89.11266326904297,58.11711548825846,0.05035266471898816,90.63479649417869,0.0,0.0,44.0,0.9778846444797294,0.01034643795595647,0.0018878769728951396,threshold
82,pv75_battery5mwh_ev30_warmer_2030,0.75,1.0,4.5,88.87894439697266,58.17910175072143,0.05038562139289726,90.69411850721508,0.0,0.0,43.0,0.9778563488131379,0.010353209875252864,0.001535928773052791,threshold
83,pv75_battery5mwh_ev30_warmer_2030,0.75,1.0,4.5,88.64498901367188,58.16845351479871,0.05007819280398906,90.14074704718031,0.0,0.0,52.0,0.9813677360713075,0.010290039617258029,0.0020775291663050455,threshold
84,pv75_battery5mwh_ev30_warmer_2030,0.75,1.0,4.5,88.6641616821289,58.0835858892242,0.05081188106082529,91.46138590948553,0.0,0.0,34.0,0.9881782562646206,0.010440797478251773,0.00105812628284052,threshold
85,pv75_battery5mwh_ev30_warmer_2030,0.75,1.0,4.5,88.16885375976562,58.24245828385839,0.05085776389968532,91.54397501943357,0.0,0.0,38.0,0.9762560650792852,0.010450225458839451,0.0014298134747127644,threshold
86,pv75_battery5mwh_ev30_warmer_2030,0.75,1.0,4.5,89.0075912475586,58.232992305724274,0.05141794835725455,92.55230704305819,0.0,0.0,37.0,0.9675490118452311,0.010565331854230387,0.0016066972867012602,threshold
87,pv75_battery5mwh_ev30_warmer_2030,0.75,1.0,4.5,89.01092529296875,58.03678045178821,0.050940213405439146,91.69238412979045,0.0,0.0,40.0,1.0008071215159287,0.010467167138103934,0.0013533557471421575,threshold
88,pv75_battery5mwh_ev30_warmer_2030,0.75,1.0,4.5,88.324462890625,58.00607326067601,0.05056322056005664,91.01379700810196,0.0,0.0,46.0,0.9724129462164671,0.01038970285480616,0.001662003057617308,threshold
89,pv75_battery5mwh_ev30_warmer_2030,0.75,1.0,4.5,88.3907699584961,58.121558105777574,0.05036826368086782,90.66287462556207,0.0,0.0,43.0,0.9773404385965474,0.010349643222096127,0.001416069279601829,threshold
90,pv75_battery5mwh_ev30_warmer_2030,0.75,1.0,4.5,88.56205749511719,58.26777313586823,0.05106986283321703,91.92575309979065,0.0,0.0,38.0,0.9804583602557077,0.010493807431482951,0.0014216196129260548,threshold
91,pv75_battery5mwh_ev30_warmer_2030,0.75,1.0,4.5,88.58760833740234,58.219859565437524,0.05078517930077848,91.41332274140126,0.0,0.0,38.0,0.9717058630070355,0.010435310815228454,0.001223216273817228,threshold
92,pv75_battery5mwh_ev30_warmer_2030,0.75,1.0,4.5,88.39830780029297,58.34608170441792,0.05116657053658247,92.09982696584844,0.0,0.0,30.0,0.9826353270376768,0.01051367887737996,0.0009879392201446202,threshold
93,pv75_battery5mwh_ev30_warmer_2030,0.75,1.0,4.5,88.69259643554688,58.223398828169,0.05058590940967819,91.05463693742074,0.0,0.0,41.0,0.9793911330666432,0.010394364947194147,0.001516356045402751,threshold
94,pv75_battery5mwh_ev30_warmer_2030,0.75,1.0,4.5,88.28389739990234,58.156134732337215,0.050773255237979986,91.39185942836397,0.0,0.0,41.0,0.9735201148642493,0.010432860665338354,0.001752342992675989,threshold
95,pv75_battery5mwh_ev30_warmer_2030,0.75,1.0,4.5,88.7215347290039,58.08061462586098,0.05023488351860903,90.42279033349625,0.0,0.0,39.0,0.9831487973340658,0.010322236339440212,0.0016122101913256233,threshold
96,pv75_battery5mwh_ev30_warmer_2030,0.75,1.0,4.5,88.8110122680664,58.07795581533013,0.051017793698643954,91.8320286575591,0.0,0.0,32.0,0.9777436743354561,0.010483108294241907,0.0013487248765837068,threshold
97,pv75_battery5mwh_ev30_warmer_2030,0.75,1.0,4.5,88.61111450195312,58.181371005442045,0.05072211580180244,91.2998084432444,0.0,0.0,39.0,0.9868005796698526,0.010422352562014202,0.0014296236143795159,threshold
98,pv75_battery5mwh_ev30_warmer_2030,0.75,1.0,4.5,88.60269927978516,58.20696502947557,0.050639872539389924,91.15177057090187,0.0,0.0,46.0,0.9747800935618562,0.010405453261518477,0.0017028437509154454,threshold
99,pv75_battery5mwh_ev30_warmer_2030,0.75,1.0,4.5,88.76680755615234,58.215899637043954,0.05082688528653848,91.48839351576927,0.0,0.0,35.0,0.9864020945448138,0.010443880538329826,0.0011916690375940915,threshold
0,pv75_battery5mwh_ev30_warmer_2030,0.75,1.0,4.5,88.98609161376953,58.281298434170196,0.050817404777706104,91.471328599871,0.0,0.0,43.0,0.9863397182953744,0.010441932488569748,0.0019798844686087363,pypsa_lp
1,pv75_battery5mwh_ev30_warmer_2030,0.75,1.0,4.5,88.73274230957031,58.134109839137565,0.05028895016864906,90.5201103035683,0.0,0.0,41.0,0.9672445175108177,0.010333345925064874,0.0016167804340465762,pypsa_lp
2,pv75_battery5mwh_ev30_warmer_2030,0.75,1.0,4.5,88.42179107666016,58.15182762946189,0.05071800377386962,91.29240679296531,0.0,0.0,54.0,0.9687535313803506,0.010421507624767729,0.002064018406183048,pypsa_lp
3,pv75_battery5mwh_ev30_warmer_2030,0.75,1.0,4.5,88.53389739990234,58.20596520743361,0.050442144445286344,90.79586000151542,0.0,0.0,45.0,0.9737210499049209,0.010364824201086234,0.0018312986113292258,pypsa_lp
4,pv75_battery5mwh_ev30_warmer_2030,0.75,1.0,4.5,88.57816314697266,58.16759696025676,0.05027525437313466,90.49545787164239,0.0,0.0,28.0,0.976780861239512,0.010330531720507121,0.00123200771335729,pypsa_lp
5,pv75_battery5mwh_ev30_warmer_2030,0.75,1.0,4.5,88.65005493164062,58.38663317476259,0.050845140277870016,91.52125250016603,0.0,0.0,30.0,0.9802327777675138,0.010447631563945894,0.0011978498092782574,pypsa_lp
6,pv75_battery5mwh_ev30_warmer_2030,0.75,1.0,4.5,89.05744934082031,58.27641758455331,0.05041424390411087,90.74563902739956,0.0,0.0,40.0,0.9738262489696599,0.010359091213173466,0.001422870880726037,pypsa_lp
7,pv75_battery5mwh_ev30_warmer_2030,0.75,1.0,4.5,88.63444519042969,58.1912292784103,0.050327609779352855,90.58969760283514,0.0,0.0,52.0,0.9679301999184537,0.010341289680688943,0.0023227107165722342,pypsa_lp
8,pv75_battery5mwh_ev30_warmer_2030,0.75,1.0,4.5,88.69442749023438,58.195612181602954,0.05123095300543274,92.21571540977894,0.0,0.0,50.0,0.9762960663916707,0.010526908151801248,0.001992391344078548,pypsa_lp
9,pv75_battery5mwh_ev30_warmer_2030,0.75,1.0,4.5,88.70033264160156,58.280071060059306,0.05056368537015503,91.01463366627905,0.0,0.0,45.0,0.9831095119816365,0.010389798363730485,0.0016284629348336393,pypsa_lp
10,pv75_battery5mwh_ev30_warmer_2030,0.75,1.0,4.5,88.58043670654297,58.271772037889505,0.05123929294269503,92.23072729685106,0.0,0.0,54.0,0.9861424906599368,0.010528621837540076,0.0018611330164470161,pypsa_lp
11,pv75_battery5mwh_ev30_warmer_2030,0.75,1.0,4.5,88.62006378173828,58.090404704542784,0.050614264601353334,91.10567628243601,0.0,0.0,39.0,0.9793454778155264,0.010400191356442467,0.0015015746277933278,pypsa_lp
12,pv75_battery5mwh_ev30_warmer_2030,0.75,1.0,4.5,88.62188720703125,58.063980358020444,0.05103467716804127,91.86241890247427,0.0,0.0,41.0,0.9679856412266448,0.010486577500282453,0.001660783649764569,pypsa_lp
13,pv75_battery5mwh_ev30_warmer_2030,0.75,1.0,4.5,88.81621551513672,58.20879897617508,0.050752727925484006,91.35491026587121,0.0,0.0,43.0,0.971050363404846,0.010428642724414522,0.0015747969281981193,pypsa_lp
14,pv75_battery5mwh_ev30_warmer_2030,0.75,1.0,4.5,88.7076416015625,58.180672725846655,0.05005818370123357,90.10473066222042,0.0,0.0,31.0,0.9822019416623657,0.01028592815778772,0.0013237790309790316,pypsa_lp
15,pv75_battery5mwh_ev30_warmer_2030,0.75,1.0,4.5,88.62245178222656,58.08601474904064,0.050763142320691346,91.37365617724443,0.0,0.0,37.0,0.9803149823119699,0.01043078266863521,0.0013145196565228453,pypsa_lp
16,pv75_battery5mwh_ev30_warmer_2030,0.75,1.0,4.5,88.71800231933594,58.11219771491502,0.05110801836382099,91.99443305487779,0.0,0.0,49.0,0.9891741571247196,0.010501647609004313,0.0018971895948986118,pypsa_lp
17,pv75_battery5mwh_ev30_warmer_2030,0.75,1.0,4.5,88.93357849121094,58.22021841284397,0.051281162505651484,92.30609251017268,0.0,0.0,39.0,0.9823905385335654,0.010537225172394141,0.0016273795490175528,pypsa_lp
18,pv75_battery5mwh_ev30_warmer_2030,0.75,1.0,4.5,88.5583724975586,58.08135720130134,0.05064601317956786,91.16282372322215,0.0,0.0,42.0,0.969600651910211,0.010406715036897505,0.001517971696054741,pypsa_lp
19,pv75_battery5mwh_ev30_warmer_2030,0.75,1.0,4.5,88.67806243896484,58.225331170667,0.05041646283294415,90.74963309929947,0.0,0.0,41.0,0.9915043884455703,0.010359547157454277,0.0017707367031534168,pypsa_lp
20,pv75_battery5mwh_ev30_warmer_2030,0.75,1.0,4.5,88.89371490478516,58.09764381705162,0.050766934465189574,91.38048203734124,0.0,0.0,39.0,0.968537873189609,0.010431561876408818,0.001771397012636271,pypsa_lp
21,pv75_battery5mwh_ev30_warmer_2030,0.75,1.0,4.5,88.22080993652344,58.031916064020145,0.05046075009854261,90.8293501773767,0.0,0.0,34.0,0.9739281792068067,0.010368647280522456,0.001276883458305266,pypsa_lp
22,pv75_battery5mwh_ev30_warmer_2030,0.75,1.0,4.5,88.24873352050781,58.1023449695699,0.05091606768708684,91.64892183675632,0.0,0.0,44.0,0.9800214246808914,0.010462205689127433,0.0014904808148144995,pypsa_lp
23,pv75_battery5mwh_ev30_warmer_2030,0.75,1.0,4.5,88.25341796875,58.2730347447332,0.0510234567929809,91.84222222736562,0.0,0.0,42.0,0.987914336758993,0.0104842719437632,0.0018247842067352232,pypsa_lp
24,pv75_battery5mwh_ev30_warmer_2030,0.75,1.0,4.5,88.63883972167969,58.26383399593339,0.05085083179093376,91.53149722368077,0.0,0.0,41.0,0.9796759764110351,0.010448801052931594,0.0018196433948105123,pypsa_lp
25,pv75_battery5mwh_ev30_warmer_2030,0.75,1.0,4.5,88.50618743896484,58.26297258549638,0.050969452643346694,91.74501475802404,0.0,0.0,38.0,0.9763279690611757,0.010473175200687676,0.0011675727945944547,pypsa_lp
26,pv75_battery5mwh_ev30_warmer_2030,0.75,1.0,4.5,88.55599212646484,58.21046730816322,0.050746725894337874,91.34410660980816,0.0,0.0,34.0,0.9871534251590214,0.0104274094303434,0.0012528599355035106,pypsa_lp
27,pv75_battery5mwh_ev30_warmer_2030,0.75,1.0,4.5,88.30866241455078,58.100926821423656,0.050510798977815755,90.91943816006835,0.0,0.0,48.0,0.9762911927790544,0.010378931296811457,0.0018697571093829184,pypsa_lp
28,pv75_battery5mwh_ev30_warmer_2030,0.75,1.0,4.5,88.54737854003906,58.21194358854957,0.051169802455101984,92.10564441918358,0.0,0.0,31.0,0.991176170828246,0.010514342970226435,0.0012054089544132837,pypsa_lp
29,pv75_battery5mwh_ev30_warmer_2030,0.75,1.0,4.5,88.72135162353516,58.10740428822951,0.05044860659789229,90.80749187620613,0.0,0.0,37.0,0.9793464610502289,0.0103661520406628,0.0013355841461809514,pypsa_lp
30,pv75_battery5mwh_ev30_warmer_2030,0.75,1.0,4.5,88.33240509033203,58.24254593378904,0.05078236596649893,91.40825873969808,0.0,0.0,40.0,0.9758773680959604,0.010434732732842247,0.0011253639179803158,pypsa_lp
31,pv75_battery5mwh_ev30_warmer_2030,0.75,1.0,4.5,88.39805603027344,58.28935432520343,0.05045124101229938,90.81223382213888,0.0,0.0,47.0,0.9868599254099912,0.010366693358691653,0.001941482450338119,pypsa_lp
32,pv75_battery5mwh_ev30_warmer_2030,0.75,1.0,4.5,88.7726058959961,58.249111013191374,0.050776810969956274,91.3982597459213,0.0,0.0,37.0,0.9647351090164544,0.010433591295196493,0.0012660090307840452,pypsa_lp
33,pv75_battery5mwh_ev30_warmer_2030,0.75,1.0,4.5,88.62419891357422,58.170460928439205,0.050329434896100436,90.59298281298078,0.0,0.0,39.0,0.9710630708163579,0.01034166470467817,0.0014204291433912784,pypsa_lp
34,pv75_battery5mwh_ev30_warmer_2030,0.75,1.0,4.5,88.64923095703125,58.11001668424403,0.05051082005946337,90.91947610703406,0.0,0.0,40.0,0.9739497638056205,0.010378935628656856,0.0016622710017650689,pypsa_lp
35,pv75_battery5mwh_ev30_warmer_2030,0.75,1.0,4.5,88.58597564697266,58.174188946990604,0.050640669438348135,91.15320498902663,0.0,0.0,42.0,0.9601365362809643,0.010405617007879753,0.0016736343579671733,pypsa_lp
36,pv75_battery5mwh_ev30_warmer_2030,0.75,1.0,4.5,88.41327667236328,58.10387664250134,0.050966909972131186,91.74043794983614,0.0,0.0,36.0,0.9737536602147783,0.010472652733999558,0.001352833023754024,pypsa_lp
37,pv75_battery5mwh_ev30_warmer_2030,0.75,1.0,4.5,88.4591064453125,57.99040935499713,0.050167401445471556,90.3013226018488,0.0,0.0,51.0,0.9731240363676403,0.010308370160028401,0.0019056858551155516,pypsa_lp
38,pv75_battery5mwh_ev30_warmer_2030,0.75,1.0,4.5,88.83952331542969,58.23213471749317,0.05067686196892541,91.21835154406574,0.0,0.0,36.0,0.975881363892781,0.010413053829231248,0.0012169839774196728,pypsa_lp
39,pv75_battery5mwh_ev30_warmer_2030,0.75,1.0,4.5,88.8829116821289,58.18947931670327,0.05031516870260403,90.56730366468726,0.0,0.0,44.0,1.0037852737630615,0.010338733295055623,0.0014343669576463432,pypsa_lp
40,pv75_battery5mwh_ev30_warmer_2030,0.75,1.0,4.5,88.7579574584961,58.258902305628844,0.05117782286814863,92.12008116266752,0.0,0.0,28.0,0.973541317220638,0.010515991000304512,0.00118270167342122,pypsa_lp
41,pv75_battery5mwh_ev30_warmer_2030,0.75,1.0,4.5,88.63607025146484,58.15015673411862,0.05044450128295668,90.80010230932203,0.0,0.0,37.0,0.9924823306154562,0.010365308482799318,0.0014082806531946013,pypsa_lp
42,pv75_battery5mwh_ev30_warmer_2030,0.75,1.0,4.5,88.61153411865234,58.17912824499679,0.05117482490075211,92.1146848213538,0.0,0.0,44.0,0.9755884650594774,0.010515374979606596,0.0017173553448005304,pypsa_lp
43,pv75_battery5mwh_ev30_warmer_2030,0.75,1.0,4.5,88.73941040039062,58.24332559099759,0.05106675000379639,91.9201500068335,0.0,0.0,39.0,0.9740807558281974,0.010493167808999258,0.001373343311210771,pypsa_lp
44,pv75_battery5mwh_ev30_warmer_2030,0.75,1.0,4.5,88.59744262695312,58.30789626270444,0.05119503382530743,92.15106088555336,0.0,0.0,50.0,0.980992207747414,0.01051952749835084,0.0020221319506899225,pypsa_lp
45,pv75_battery5mwh_ev30_warmer_2030,0.75,1.0,4.5,88.57594299316406,58.21954834904783,0.05092434405233796,91.66381929420832,0.0,0.0,42.0,0.9785015041295898,0.010463906312124238,0.0013972440674603491,pypsa_lp
46,pv75_battery5mwh_ev30_warmer_2030,0.75,1.0,4.5,89.00940704345703,58.15267945544698,0.05082067116674051,91.47720810013291,0.0,0.0,36.0,0.9726836397619001,0.010442603664398734,0.0014617969672038721,pypsa_lp
47,pv75_battery5mwh_ev30_warmer_2030,0.75,1.0,4.5,88.56137084960938,58.17663035269493,0.050390533048913985,90.70295948804518,0.0,0.0,39.0,0.97192792541539,0.01035421911963986,0.0013540034810123629,pypsa_lp
48,pv75_battery5mwh_ev30_warmer_2030,0.75,1.0,4.5,88.2673110961914,58.229948136449394,0.05043048032346439,90.77486458223589,0.0,0.0,32.0,0.9843350188273945,0.010362427463725558,0.0014109245064214437,pypsa_lp
49,pv75_battery5mwh_ev30_warmer_2030,0.75,1.0,4.5,88.56554412841797,57.974465243180674,0.05021145350864338,90.38061631555809,0.0,0.0,45.0,0.9686474131072945,0.010317421953830832,0.0018866847842337383,pypsa_lp
50,pv75_battery5mwh_ev30_warmer_2030,0.75,1.0,4.5,88.45124816894531,58.08233285362013,0.05031412350010549,90.56542230018988,0.0,0.0,55.0,0.9652644115374678,0.010338518527418936,0.0020517198807824483,pypsa_lp
51,pv75_battery5mwh_ev30_warmer_2030,0.75,1.0,4.5,88.5637435913086,58.1630124493863,0.050751650293938425,91.35297052908916,0.0,0.0,48.0,0.9801756261682572,0.010428421293275019,0.0018706346485918373,pypsa_lp
52,pv75_battery5mwh_ev30_warmer_2030,0.75,1.0,4.5,88.59005737304688,58.33952565777023,0.05128083273712027,92.3054989268165,0.0,0.0,38.0,0.9813144901994386,0.010537157411737044,0.0014499243429347245,pypsa_lp
53,pv75_battery5mwh_ev30_warmer_2030,0.75,1.0,4.5,88.88542938232422,58.23546576686601,0.050760411635121995,91.36874094321959,0.0,0.0,39.0,0.9870662367818653,0.010430221568860684,0.0017714629699855315,pypsa_lp
54,pv75_battery5mwh_ev30_warmer_2030,0.75,1.0,4.5,88.55115509033203,58.15688892296015,0.050552131729827296,90.99383711368912,0.0,0.0,36.0,0.9678223300225848,0.010387424328046704,0.0014426031532278356,pypsa_lp
55,pv75_battery5mwh_ev30_warmer_2030,0.75,1.0,4.5,88.99385833740234,58.27255122757269,0.05049497153203794,90.8909487576683,0.0,0.0,34.0,0.9789220439761914,0.010375679081925604,0.001050640976103045,pypsa_lp
56,pv75_battery5mwh_ev30_warmer_2030,0.75,1.0,4.5,88.75050354003906,58.20506121973522,0.05090781126613224,91.63406027903802,0.0,0.0,44.0,0.9782985559341069,0.010460509164273747,0.00187021494500069,pypsa_lp
57,pv75_battery5mwh_ev30_warmer_2030,0.75,1.0,4.5,88.56326293945312,58.203915820809556,0.050985919907431246,91.77465583337624,0.0,0.0,31.0,0.9757143909754742,0.010476558885088612,0.0012729417318340015,pypsa_lp
58,pv75_battery5mwh_ev30_warmer_2030,0.75,1.0,4.5,88.77044677734375,58.01509122538653,0.04998611787950967,89.9750121831174,0.0,0.0,42.0,0.9862526755346687,0.010271120112228013,0.0014196432142242238,pypsa_lp
59,pv75_battery5mwh_ev30_warmer_2030,0.75,1.0,4.5,88.55379486083984,58.26346916023691,0.051543073014433824,92.77753142598088,0.0,0.0,30.0,0.9679675736995347,0.010591042400226127,0.0012590946195579825,pypsa_lp
60,pv75_battery5mwh_ev30_warmer_2030,0.75,1.0,4.5,88.52136993408203,58.222254577477415,0.050689377667798845,91.24087980203792,0.0,0.0,33.0,0.9836339927513252,0.010415625548177845,0.0015591758844946872,pypsa_lp
61,pv75_battery5mwh_ev30_warmer_2030,0.75,1.0,4.5,88.39292907714844,58.21343215605947,0.05004955770187378,90.0892038633728,0.0,0.0,40.0,0.9925438714633561,0.010284155692165845,0.0016033829618800884,pypsa_lp
62,pv75_battery5mwh_ev30_warmer_2030,0.75,1.0,4.5,88.59941864013672,58.11212642576497,0.05026750757690457,90.48151363842823,0.0,0.0,31.0,0.9904496516163055,0.010328939913062583,0.0011882320615154765,pypsa_lp
63,pv75_battery5mwh_ev30_warmer_2030,0.75,1.0,4.5,88.5172119140625,58.20104380888763,0.0503738588024312,90.67294584437616,0.0,0.0,40.0,0.9864295516480749,0.010350792904609149,0.0014738605435823144,pypsa_lp
64,pv75_battery5mwh_ev30_warmer_2030,0.75,1.0,4.5,88.6009750366211,58.17650857774663,0.050924286516464294,91.66371572963574,0.0,0.0,44.0,0.9775292181058255,0.010463894489684444,0.0018984915455733497,pypsa_lp
65,pv75_battery5mwh_ev30_warmer_2030,0.75,1.0,4.5,88.36349487304688,58.26817805455477,0.05115833645189063,92.08500561340313,0.0,0.0,31.0,0.981609367055953,0.010511986942169307,0.0012328949046877902,pypsa_lp
66,pv75_battery5mwh_ev30_warmer_2030,0.75,1.0,4.5,88.4718246459961,58.303133715580515,0.050672349427191433,91.21022896894458,0.0,0.0,41.0,0.9729882421880279,0.010412126594628379,0.0013978573916670406,pypsa_lp
67,pv75_battery5mwh_ev30_warmer_2030,0.75,1.0,4.5,88.598876953125,58.251963763703564,0.05074554505747523,91.34198110345541,0.0,0.0,32.0,0.9730490600406279,0.010427166792631896,0.0010147711491026918,pypsa_lp
68,pv75_battery5mwh_ev30_warmer_2030,0.75,1.0,4.5,88.6869888305664,58.238190817025846,0.05070164475020817,91.26296055037471,0.0,0.0,35.0,0.9786825698988605,0.010418146181549626,0.0014278459121441986,pypsa_lp
69,pv75_battery5mwh_ev30_warmer_2030,0.75,1.0,4.5,88.47330474853516,58.1317781090602,0.0505172186742377,90.93099361362786,0.0,0.0,44.0,0.9795128760969919,0.010380250412514596,0.001430358791354872,pypsa_lp
70,pv75_battery5mwh_ev30_warmer_2030,0.75,1.0,4.5,89.01103973388672,58.23906190392864,0.05032075203376703,90.57735366078064,0.0,0.0,45.0,0.971051019879236,0.010339880554883637,0.0018014485044236318,pypsa_lp
71,pv75_battery5mwh_ev30_warmer_2030,0.75,1.0,4.5,88.69632720947266,58.13154752507305,0.050457250875481814,90.82305157586727,0.0,0.0,32.0,0.9665112013985774,0.010367928262085303,0.0013536850026556544,pypsa_lp
72,pv75_battery5mwh_ev30_warmer_2030,0.75,1.0,4.5,88.86151885986328,58.268506303744175,0.05071153841240211,91.2807691423238,0.0,0.0,30.0,0.9685039062369568,0.010420179125836052,0.0012834513574933894,pypsa_lp
73,pv75_battery5mwh_ev30_warmer_2030,0.75,1.0,4.5,88.31481170654297,58.02748950630085,0.05018315690452614,90.32968242814705,0.0,0.0,34.0,0.9698916714440109,0.01031160758312181,0.0011914649901915537,pypsa_lp
74,pv75_battery5mwh_ev30_warmer_2030,0.75,1.0,4.5,88.91899871826172,58.161025056685524,0.050573482150073484,91.03226787013227,0.0,0.0,41.0,0.9700738289751901,0.010391811400700031,0.001778806524260739,pypsa_lp
75,pv75_battery5mwh_ev30_warmer_2030,0.75,1.0,4.5,88.46826171875,58.02454121715267,0.0503732658558705,90.6718785405669,0.0,0.0,44.0,0.9767762710718786,0.010350671066274759,0.0014872938161096044,pypsa_lp
76,pv75_battery5mwh_ev30_warmer_2030,0.75,1.0,4.5,88.8946762084961,58.35787857925902,0.05053120407274754,90.95616733094556,0.0,0.0,36.0,0.9854366355505547,0.010383124124537164,0.0013291132272918954,pypsa_lp
77,pv75_battery5mwh_ev30_warmer_2030,0.75,1.0,4.5,88.6683578491211,58.06304844102252,0.05048238424871978,90.8682916476956,0.0,0.0,36.0,0.9748220674286767,0.01037309265384653,0.0013258706485857659,pypsa_lp
78,pv75_battery5mwh_ev30_warmer_2030,0.75,1.0,4.5,89.09581756591797,58.09906275747478,0.05050910921971178,90.9163965954812,0.0,0.0,42.0,0.9712034356464209,0.010378584086242149,0.0014819612729638353,pypsa_lp
79,pv75_battery5mwh_ev30_warmer_2030,0.75,1.0,4.5,88.49311828613281,58.261921948668444,0.05091936720551547,91.65486096992785,0.0,0.0,37.0,0.9798743636787692,0.010462883672366193,0.0013993293802688482,pypsa_lp
80,pv75_battery5mwh_ev30_warmer_2030,0.75,1.0,4.5,88.70966339111328,58.08894872328207,0.05102023838363255,91.8364290905386,0.0,0.0,44.0,0.9778416956253201,0.01048361062677381,0.0013609321188251095,pypsa_lp
81,pv75_battery5mwh_ev30_warmer_2030,0.75,1.0,4.5,89.11266326904297,58.118489288627494,0.0504311394941935,90.77605108954829,0.0,0.0,44.0,0.9778846444797294,0.010362562909765788,0.0019022908461050886,pypsa_lp
82,pv75_battery5mwh_ev30_warmer_2030,0.75,1.0,4.5,88.87894439697266,58.18001219859497,0.050451977754940966,90.81355995889373,0.0,0.0,43.0,0.9778563488131379,0.010366844744165953,0.0015790060716935506,pypsa_lp
83,pv75_battery5mwh_ev30_warmer_2030,0.75,1.0,4.5,88.64498901367188,58.16983646675292,0.050163778742392695,90.29480173630685,0.0,0.0,52.0,0.9813677360713075,0.0103076257689848,0.0020921925818747464,pypsa_lp
84,pv75_battery5mwh_ev30_warmer_2030,0.75,1.0,4.5,88.6641616821289,58.084250359011286,0.05086040621167195,91.54873118100952,0.0,0.0,34.0,0.9881782562646206,0.01045076839965862,0.0011185020776584562,pypsa_lp
85,pv75_battery5mwh_ev30_warmer_2030,0.75,1.0,4.5,88.16885375976562,58.24386254584814,0.05092529206494806,91.6655257169065,0.0,0.0,38.0,0.9762560650792852,0.010464101109235902,0.001487507800974615,pypsa_lp
86,pv75_battery5mwh_ev30_warmer_2030,0.75,1.0,4.5,89.0075912475586,58.233670034257365,0.05148396151234857,92.67113072222742,0.0,0.0,37.0,0.9675490118452311,0.010578896201167514,0.0016211305042591409,pypsa_lp
87,pv75_battery5mwh_ev30_warmer_2030,0.75,1.0,4.5,89.01092529296875,58.0370601945187,0.05098593938234355,91.77469088821837,0.0,0.0,40.0,1.0008071215159287,0.01047656288678292,0.0013670663029498001,pypsa_lp
88,pv75_battery5mwh_ev30_warmer_2030,0.75,1.0,4.5,88.324462890625,58.00733662938609,0.05063026954941375,91.13448518894474,0.0,0.0,46.0,0.9724129462164671,0.010403480044400086,0.0016761197283071568,pypsa_lp
89,pv75_battery5mwh_ev30_warmer_2030,0.75,1.0,4.5,88.3907699584961,58.122470936200315,0.05042309194534316,90.7615655016177,0.0,0.0,43.0,0.9773404385965474,0.010360909303837637,0.001448433017801258,pypsa_lp
90,pv75_battery5mwh_ev30_warmer_2030,0.75,1.0,4.5,88.56205749511719,58.268541543378014,0.05112904518002427,92.03228132404368,0.0,0.0,38.0,0.9804583602557077,0.01050596818767622,0.0014460672634280414,pypsa_lp
91,pv75_battery5mwh_ev30_warmer_2030,0.75,1.0,4.5,88.58760833740234,58.22056497305562,0.05083620694784552,91.50517250612192,0.0,0.0,38.0,0.9717058630070355,0.010445795948187434,0.0012367555934757596,pypsa_lp
92,pv75_battery5mwh_ev30_warmer_2030,0.75,1.0,4.5,88.30924224853516,58.34621054707708,0.05120992233445679,92.17786020202222,0.0,0.0,30.0,0.9826353270376768,0.010522586781052766,0.00100116896473253,pypsa_lp
93,pv75_battery5mwh_ev30_warmer_2030,0.75,1.0,4.5,88.69259643554688,58.22421883031318,0.05064263371698416,91.15674069057148,0.0,0.0,41.0,0.9793911330666432,0.010406020626777566,0.001535422943999223,pypsa_lp
94,pv75_battery5mwh_ev30_warmer_2030,0.75,1.0,4.5,88.28389739990234,58.15727689388038,0.05084278724441808,91.51701703995255,0.0,0.0,41.0,0.9735201148642493,0.010447148063921522,0.001811973646094981,pypsa_lp
95,pv75_battery5mwh_ev30_warmer_2030,0.75,1.0,4.5,88.7215347290039,58.081123611438926,0.0503004093687124,90.54073686368231,0.0,0.0,39.0,0.9831487973340658,0.010335700555214876,0.0016308024838212372,pypsa_lp
96,pv75_battery5mwh_ev30_warmer_2030,0.75,1.0,4.5,88.8110122680664,58.07846880511906,0.051076236490425884,91.9372256827666,0.0,0.0,32.0,0.9777436743354561,0.01049511708707381,0.0013624293391406156,pypsa_lp
97,pv75_battery5mwh_ev30_warmer_2030,0.75,1.0,4.5,88.61111450195312,58.182367414284805,0.0507742964389489,91.39373359010801,0.0,0.0,39.0,0.9868005796698526,0.010433074610742924,0.0014434345226440506,pypsa_lp
98,pv75_battery5mwh_ev30_warmer_2030,0.75,1.0,4.5,88.60269927978516,58.208459662742364,0.05071917488879715,91.29451479983487,0.0,0.0,46.0,0.9747800935618562,0.010421748264821335,0.001770497882232411,pypsa_lp
99,pv75_battery5mwh_ev30_warmer_2030,0.75,1.0,4.5,88.76680755615234,58.21670202055611,0.050870003581903876,91.56600644742697,0.0,0.0,35.0,0.9864020945448138,0.010452740462035042,0.0012051668477312764,pypsa_lp
